Symbol,industry
JKPAPER.NS,Paper & Paper Products
IRMENERGY.NS,Utilities - Regulated Gas
MAHLIFE.NS,Real Estate‚ÄîDevelopment
JETAIRWAYS.NS,Airlines
MSUMI.NS,Auto Parts
FEDFINA.NS,Credit Services
IRB.NS,Infrastructure Operations
PHOENIXLTD.NS,Real Estate‚ÄîDiversified
TATATECH.NS,Information Technology Services
MUKANDLTD.NS,Steel
MALLCOM.NS,Security & Protection Services
SUNTECK.NS,Real Estate‚ÄîDevelopment
RADIOCITY.NS,Broadcasting
PATELENG.NS,Engineering & Construction
NFL.NS,Agricultural Inputs
JTLIND.NS,Steel
PETRONET.NS,Oil & Gas Refining & Marketing
HINDCOPPER.NS,Copper
URJA.NS,Solar
TIINDIA.NS,Auto Parts
TDPOWERSYS.NS,Specialty Industrial Machinery
VINYLINDIA.NS,Specialty Chemicals
MANALIPETC.NS,Specialty Chemicals
SBILIFE.NS,Insurance‚ÄîLife
THEMISMED.NS,Drug Manufacturers‚ÄîSpecialty & Generic
NRBBEARING.NS,Auto Parts
CIEINDIA.NS,Auto Parts
LUMAXTECH.NS,Auto Parts
SHAKTIPUMP.NS,Specialty Industrial Machinery
MANINDS.NS,Steel
METROPOLIS.NS,Diagnostics & Research
TRITURBINE.NS,Specialty Industrial Machinery
STEELXIND.NS,Steel
MAHABANK.NS,Banks‚ÄîRegional
JPPOWER.NS,Utilities‚ÄîIndependent Power Producers
KTKBANK.NS,Banks‚ÄîRegional
SPARC.NS,Drug Manufacturers‚ÄîSpecialty & Generic
JSL.NS,Steel
ZFCVINDIA.NS,Auto Parts
RTNPOWER.NS,Utilities‚ÄîRenewable
DEN.NS,Entertainment
NLCINDIA.NS,Utilities‚ÄîRegulated Electric
ENDURANCE.NS,Auto Parts
JKCEMENT.NS,Building Materials
KPITTECH.NS,Information Technology Services
USK.NS,
DEEPAKNTR.NS,Chemicals
NMDC.NS,Steel
SYMPHONY.NS,Furnishings, Fixtures & Appliances
REDINGTON.NS,Information Technology Services
MANKIND.NS,
ROUTE.NS,Telecom Services
JSWSTEEL.NS,Steel
KPRMILL.NS,Apparel Manufacturing
SADHNANIQ.NS,
WEBELSOLAR.NS,Solar
INDIGRID.NS,
PTC.NS,Utilities‚ÄîIndependent Power Producers
ARTEMISMED.NS,N/A
USHAMART.NS,Steel
UFO.NS,Entertainment
GODREJIND.NS,Conglomerates
DBREALTY.NS,Real Estate‚ÄîDevelopment
SUNTV.NS,Broadcasting
SARVESHWAR.NS,Packaged Foods
RADICO.NS,Beverages‚ÄîWineries & Distilleries
FIVESTAR.NS,Credit Services
TAJGVK.NS,Lodging
IDFC.NS,Asset Management
NATIONALUM.NS,Aluminum
NAVNETEDUL.NS,Publishing
UNIONBANK.NS,Banks‚ÄîRegional
SPANDANA.NS,Credit Services
NILASPACES.NS,Real Estate‚ÄîDevelopment
MASTEK.NS,Information Technology Services
GSLSU.NS,
GOACARBON.NS,Specialty Chemicals
KSB.NS,Specialty Industrial Machinery
NYKAA.NS,Internet Retail
DELTACORP.NS,Resorts & Casinos
VIKASLIFE.NS,Specialty Chemicals
SADBHAV.NS,Engineering & Construction
PARADEEP.NS,Agricultural Inputs
TRIVENI.NS,Confectioners
NELCO.NS,Communication Equipment
SPORTKING.NS,Textile Manufacturing
WELENT.NS,Engineering & Construction
TTML.NS,Telecom Services
MTNL.NS,Telecom Services
LEMONTREE.NS,Lodging
LUMAXIND.NS,Auto Parts
MOL.NS,Agricultural Inputs
WESTLIFE.NS,Restaurants
DATAMATICS.NS,Information Technology Services
KRSNAA.NS,Diagnostics & Research
FUSION.NS,Credit Services
PENINLAND.NS,Real Estate‚ÄîDevelopment
KIMS.NS,Medical Care Facilities
PNBGILTS.NS,Capital Markets
SAGCEM.NS,Building Materials
VENUSPIPES.NS,Steel
RITCO.NS,Integrated Freight & Logistics
TV18BRDCST.NS,Broadcasting
LANDMARK.NS,
DWARKESH.NS,Confectioners
MFSL.NS,Insurance‚ÄîLife
SATIA.NS,Paper & Paper Products
GMRINFRA.NS,Airports & Air Services
MANGLMCEM.NS,Building Materials
EMUDHRA.NS,Software‚ÄîApplication
XCHANGING.NS,Information Technology Services
VISHWARAJ.NS,Confectioners
SHARDAMOTR.NS,Auto Parts
IIFL.NS,Credit Services
KBCGLOBAL.NS,Real Estate‚ÄîDevelopment
TATAMTRDVR.NS,Auto Manufacturers
IGL.NS,Utilities‚ÄîRegulated Gas
SYRMA.NS,Electronic Components
IKIO.NS,
SETFNIF50.NS,
SKYGOLD.NS,
SATIN.NS,Credit Services
POLICYBZR.NS,Insurance Brokers
GALLANTT.NS,Steel
PATANJALI.NS,Packaged Foods
TIPSINDLTD.NS,Entertainment
INOXGREEN.NS,Utilities‚ÄîRenewable
MADRASFERT.NS,Agricultural Inputs
ASTEC.NS,Agricultural Inputs
HARIOMPIPE.NS,Steel
SHRIPISTON.NS,Auto Parts
MTARTECH.NS,Specialty Industrial Machinery
METROBRAND.NS,Footwear & Accessories
RENUKA.NS,Confectioners
EVEREADY.NS,Electrical Equipment & Parts
NEOGEN.NS,Specialty Chemicals
ALOKINDS.NS,Textile Manufacturing
PANACEABIO.NS,Biotechnology
TEXINFRA.NS,Real Estate Services
PPL.NS,Building Products & Equipment
SFL.NS,Furnishings, Fixtures & Appliances
JUBLINGREA.NS,Biotechnology
TRU.NS,Credit Services
PGINVIT-IV.NS,
RAMAPHO.NS,Agricultural Inputs
MRPL.NS,Oil & Gas Refining & Marketing
SIL.NS,Textile Manufacturing
HATHWAY.NS,Entertainment
ACLGATI.NS,Integrated Freight & Logistics
NOCIL.NS,Specialty Chemicals
SMSPHARMA.NS,Drug Manufacturers‚ÄîGeneral
UPL.NS,Agricultural Inputs
ORIENTELEC.NS,Furnishings, Fixtures & Appliances
NATCOPHARM.NS,Drug Manufacturers‚ÄîSpecialty & Generic
ORIENTHOT.NS,Lodging
NAZARA.NS,Electronic Gaming & Multimedia
HSCL.NS,Specialty Chemicals
TPLPLASTEH.NS,Packaging & Containers
INDIAMART.NS,Internet Content & Information
PDSL.NS,Specialty Business Services
SEQUENT.NS,Drug Manufacturers‚ÄîSpecialty & Generic
KSOLVES.NS,Software‚ÄîApplication
JPASSOCIAT.NS,Conglomerates
TORNTPOWER.NS,Utilities‚ÄîIndependent Power Producers
LINCOLN.NS,Drug Manufacturers‚ÄîSpecialty & Generic
KFINTECH.NS,Software‚ÄîApplication
PRECAM.NS,Auto Parts
SHOPERSTOP.NS,Department Stores
SHK.NS,Household & Personal Products
TVTODAY.NS,Broadcasting
MANYAVAR.NS,Apparel Retail
NAVA.NS,Conglomerates
EDELWEISS.NS,Capital Markets
DCXINDIA.NS,Aerospace & Defense
POLYPLEX.NS,Specialty Chemicals
HMAAGRO.NS,
NH.NS,Medical Care Facilities
PRITI.NS,Furnishings, Fixtures & Appliances
SJVN.NS,Utilities‚ÄîRenewable
INTENTECH.NS,Software‚ÄîInfrastructure
NAUKRI.NS,Internet Content & Information
JBMA.NS,Auto Parts
TIDEWATER.NS,Specialty Chemicals
MAPMYINDIA.NS,Software‚ÄîApplication
KEI.NS,Electrical Equipment & Parts
VBL.NS,Beverages‚ÄîNon-Alcoholic
EIHAHOTELS.NS,Lodging
INFIBEAM.NS,Software‚ÄîInfrastructure
KELLTONTEC.NS,Software‚ÄîApplication
TIMKEN.NS,Tools & Accessories
TANLA.NS,Software‚ÄîApplication
VINATIORGA.NS,Specialty Chemicals
TRIL.NS,Electrical Equipment & Parts
GET&D.NS,Specialty Industrial Machinery
TAKE.NS,Biotechnology
PCBL.NS,Specialty Chemicals
ONEPOINT.NS,Specialty Business Services
MIDHANI.NS,Steel
MUNJALSHOW.NS,Auto Parts
KEC.NS,Engineering & Construction
MARKSANS.NS,Drug Manufacturers‚ÄîGeneral
MEDPLUS.NS,Pharmaceutical Retailers
SANGHVIMOV.NS,Rental & Leasing Services
MSTCLTD.NS,Conglomerates
SUVENPHAR.NS,Drug Manufacturers‚ÄîSpecialty & Generic
SYNCOMF.NS,Drug Manufacturers‚ÄîSpecialty & Generic
TMB.NS,Banks‚ÄîRegional
TALBROAUTO.NS,Auto Parts
SKIPPER.NS,Engineering & Construction
EMAMILTD.NS,Household & Personal Products
STEELCITY.NS,Capital Markets
RAINBOW.NS,Medical Care Facilities
BSE.NS,Financial Data & Stock Exchanges
SAKSOFT.NS,Information Technology Services
PRSMJOHNSN.NS,Building Materials
J&KBANK.NS,Banks‚ÄîRegional
JTEKTINDIA.NS,Auto Parts
HGS.NS,Specialty Business Services
ASHOKA.NS,Engineering & Construction
BLS.NS,Specialty Business Services
PARAS.NS,Aerospace & Defense
TRIDENT.NS,Textile Manufacturing
SUZLON.NS,Specialty Industrial Machinery
EKC.NS,Specialty Industrial Machinery
LATENTVIEW.NS,Consulting Services
CENTRALBK.NS,Banks‚ÄîRegional
JAICORPLTD.NS,Specialty Chemicals
DECCANCE.NS,Building Materials
IBREALEST.NS,Real Estate‚ÄîDevelopment
GTLINFRA.NS,Communication Equipment
SYNGENE.NS,Biotechnology
MENONBE.NS,Auto Parts
GPIL.NS,Steel
PRAJIND.NS,Engineering & Construction
NCC.NS,Engineering & Construction
KALYANKJIL.NS,Luxury Goods
DISHTV.NS,Entertainment
FORTIS.NS,Medical Care Facilities
ADSL.NS,Information Technology Services
LODHA.NS,Real Estate‚ÄîDevelopment
BRIGADE.NS,Real Estate‚ÄîDevelopment
SECURCRED.NS,Specialty Business Services
LXCHEM.NS,Specialty Chemicals
JMA.NS,Auto Parts
SALZERELEC.NS,Electrical Equipment & Parts
MOTHERSON.NS,Auto Parts
MIRZAINT.NS,Footwear & Accessories
EMIL.NS,Internet Retail
MAHSEAMLES.NS,Steel
UCOBANK.NS,Banks‚ÄîRegional
HARSHA.NS,Tools & Accessories
TVSELECT.NS,Computer Hardware
GESHIP.NS,Marine Shipping
SWSOLAR.NS,Solar
JUBLPHARMA.NS,Drug Manufacturers‚ÄîSpecialty & Generic
INDIANB.NS,Banks‚ÄîRegional
NEULANDLAB.NS,Drug Manufacturers‚ÄîSpecialty & Generic
TRACXN.NS,Software‚ÄîApplication
HIKAL.NS,Drug Manufacturers‚ÄîSpecialty & Generic
SUVEN.NS,Drug Manufacturers‚ÄîSpecialty & Generic
SBICARD.NS,Credit Services
SPLPETRO.NS,Chemicals
MEDANTA.NS,Medical Care Facilities
NUVOCO.NS,Building Materials
JINDALSAW.NS,Steel
UJJIVANSFB.NS,Banks‚ÄîRegional
RPOWER.NS,Utilities‚ÄîIndependent Power Producers
DYCL.NS,Electrical Equipment & Parts
SAFARI.NS,Footwear & Accessories
ETHOSLTD.NS,Luxury Goods
VARDHACRLC.NS,Textile Manufacturing
PFIZER.NS,Drug Manufacturers‚ÄîGeneral
SIRCA.NS,Specialty Chemicals
VAISHALI.NS,Drug Manufacturers‚ÄîSpecialty & Generic
360ONE.NS,Asset Management
TI.NS,Beverages‚ÄîWineries & Distilleries
UNIPARTS.NS,Farm & Heavy Construction Machinery
SUTLEJTEX.NS,Textile Manufacturing
LAXMICOT.NS,Textile Manufacturing
KOTHARIPET.NS,Specialty Chemicals
SAH.NS,
RAJTV.NS,Broadcasting
MICEL.NS,Electronic Components
GEOJITFSL.NS,Capital Markets
PASUPTAC.NS,
ONWARDTEC.NS,Information Technology Services
EMBASSY-RR.NS,
GREENPOWER.NS,Utilities‚ÄîIndependent Power Producers
SHAHALLOYS.NS,Steel
AURUM.NS,Information Technology Services
DVL.NS,Capital Markets
RBL.NS,Auto Parts
PPLPHARMA.NS,Biotechnology
GLOBUSSPR.NS,Beverages‚ÄîWineries & Distilleries
SBGLP.NS,
DHANI.NS,Capital Markets
HNGSNGBEES.NS,
LIQUIDBEES.NS,
MARSHALL.NS,Specialty Industrial Machinery
STCINDIA.NS,Conglomerates
KRITINUT.NS,Packaged Foods
NIFTYBEES.NS,
KOTAKBKETF.NS,
SINDHUTRAD.NS,
TARSONS.NS,Medical Instruments & Supplies
KAJARIACER.NS,Building Products & Equipment
PGEL.NS,Electronic Components
MAXIND.NS,Medical Care Facilities
PFS.NS,Credit Services
ZUARIIND.NS,Conglomerates
ISEC.NS,Capital Markets
RAJESHEXPO.NS,Luxury Goods
SOLARA.NS,Drug Manufacturers‚ÄîSpecialty & Generic
ISGEC.NS,Specialty Industrial Machinery
VOLTAS.NS,Specialty Industrial Machinery
KABRAEXTRU.NS,Specialty Industrial Machinery
SHEMAROO.NS,Entertainment
SAREGAMA.NS,Entertainment
THOMASCOOK.NS,Travel Services
BANKBEES.NS,
RPPL.NS,Packaging & Containers
AVANTIFEED.NS,Packaged Foods
AWL.NS,Farm Products
INTELLECT.NS,Software‚ÄîApplication
HOMEFIRST.NS,Mortgage Finance
ITC.NS,Tobacco
NDL.NS,Textile Manufacturing
JINDALPOLY.NS,Specialty Chemicals
ORIENTCEM.NS,Building Materials
WOCKPHARMA.NS,Drug Manufacturers‚ÄîSpecialty & Generic
INDIGOPNTS.NS,Specialty Chemicals
WELSPUNLIV.NS,Textile Manufacturing
GOCOLORS.NS,Apparel Manufacturing
GTL.NS,Telecom Services
NACLIND.NS,Agricultural Inputs
GULPOLY.NS,Chemicals
OPTIEMUS.NS,Electronics & Computer Distribution
TNPL.NS,Paper & Paper Products
AIAENG.NS,Specialty Industrial Machinery
HONDAPOWER.NS,Specialty Industrial Machinery
INDORAMA.NS,Textile Manufacturing
RADHIKAJWE.NS,Luxury Goods
ORCHPHARMA.NS,Drug Manufacturers‚ÄîSpecialty & Generic
AROGRANITE.NS,Building Products & Equipment
SGIL.NS,Metal Fabrication
CHENNPETRO.NS,Oil & Gas Refining & Marketing
MAZDOCK.NS,Aerospace & Defense
XELPMOC.NS,Information Technology Services
HEIDELBERG.NS,Building Materials
KOPRAN.NS,Drug Manufacturers‚ÄîGeneral
ORIENTPPR.NS,Paper & Paper Products
HIL.NS,Building Products & Equipment
DHANBANK.NS,Banks‚ÄîRegional
SBCL.NS,Metal Fabrication
GOODLUCK.NS,Steel
LOVABLE.NS,Apparel Manufacturing
APTUS.NS,Mortgage Finance
MASFIN.NS,Credit Services
TAINWALCHM.NS,Specialty Chemicals
ROTO.NS,Specialty Industrial Machinery
IFBIND.NS,Furnishings, Fixtures & Appliances
L&TFH.NS,Credit Services
HILTON.NS,Metal Fabrication
KAKATCEM.NS,Building Materials
GMRP&UI.NS,Infrastructure Operations
STLTECH.NS,Communication Equipment
TATVA.NS,Specialty Chemicals
WSTCSTPAPR.NS,Paper & Paper Products
SHRIRAMFIN.NS,Credit Services
HNDFDS.NS,Packaged Foods
RAMCOIND.NS,Building Products & Equipment
AMIORG.NS,Specialty Chemicals
GOCLCORP.NS,Specialty Chemicals
PCJEWELLER.NS,Luxury Goods
AAVAS.NS,Mortgage Finance
CYIENT.NS,Conglomerates
KREBSBIO.NS,Drug Manufacturers‚ÄîSpecialty & Generic
PLAZACABLE.NS,Electrical Equipment & Parts
JAYSREETEA.NS,Farm Products
STAR.NS,Drug Manufacturers‚ÄîSpecialty & Generic
KIRLOSENG.NS,Specialty Industrial Machinery
ANANTRAJ.NS,Real Estate‚ÄîDevelopment
KANANIIND.NS,Luxury Goods
IPCALAB.NS,Drug Manufacturers‚ÄîSpecialty & Generic
BIRET-RR.NS,
GMMPFAUDLR.NS,Specialty Industrial Machinery
MAITHANALL.NS,Steel
SANSERA.NS,Metal Fabrication
BAIDFIN.NS,
BHARATRAS.NS,Agricultural Inputs
OBEROIRLTY.NS,Real Estate‚ÄîDevelopment
PAISALO.NS,Credit Services
TEGA.NS,Specialty Industrial Machinery
KAMATHOTEL.NS,Lodging
NIACL.NS,Insurance‚ÄîDiversified
GULFOILLUB.NS,Specialty Chemicals
ITDCEM.NS,Engineering & Construction
AGARIND.NS,Specialty Chemicals
BARBEQUE.NS,Restaurants
GRSE.NS,Aerospace & Defense
HERANBA.NS,Agricultural Inputs
GLENMARK.NS,Drug Manufacturers‚ÄîSpecialty & Generic
FDC.NS,Drug Manufacturers‚ÄîSpecialty & Generic
HLVLTD.NS,Lodging
BANDHANBNK.NS,Banks‚ÄîRegional
RAMASTEEL.NS,Steel
VERANDA.NS,Education & Training Services
SJS.NS,Auto Parts
TNPETRO.NS,Specialty Chemicals
NAM-INDIA.NS,Asset Management
DODLA.NS,Food Distribution
PANAMAPET.NS,Oil & Gas Refining & Marketing
CREDITACC.NS,Credit Services
BORORENEW.NS,Packaging & Containers
TITAN.NS,Luxury Goods
TECHNOE.NS,Engineering & Construction
FCSSOFT.NS,Information Technology Services
IOB.NS,Banks‚ÄîRegional
MARICO.NS,Household & Personal Products
GENUSPOWER.NS,Electrical Equipment & Parts
JINDALSTEL.NS,Steel
WELCORP.NS,Steel
SNOWMAN.NS,Integrated Freight & Logistics
MOREPENLAB.NS,Drug Manufacturers‚ÄîSpecialty & Generic
IONEXCHANG.NS,Pollution & Treatment Controls
VAKRANGEE.NS,Information Technology Services
NEWGEN.NS,Software‚ÄîApplication
DATAPATTNS.NS,Aerospace & Defense
RSSOFTWARE.NS,Information Technology Services
JBCHEPHARM.NS,Drug Manufacturers‚ÄîSpecialty & Generic
PRICOLLTD.NS,Auto Parts
VIJAYA.NS,Diagnostics & Research
KPIL.NS,Engineering & Construction
BANKINDIA.NS,Banks‚ÄîRegional
LIKHITHA.NS,Oil & Gas Equipment & Services
PSPPROJECT.NS,Engineering & Construction
GANESHBE.NS,Specialty Chemicals
KARURVYSYA.NS,Banks‚ÄîRegional
TTKPRESTIG.NS,Furnishings, Fixtures & Appliances
AGSTRA.NS,Software‚ÄîInfrastructure
CUB.NS,Banks‚ÄîRegional
FCL.NS,Specialty Chemicals
CARTRADE.NS,Auto & Truck Dealerships
SHARDACROP.NS,Agricultural Inputs
JAMNAAUTO.NS,Auto Parts
TATACHEM.NS,Chemicals
TATAMETALI.NS,Steel
HITECH.NS,Steel
SUPRIYA.NS,Biotechnology
RATEGAIN.NS,Software‚ÄîApplication
VESUVIUS.NS,Specialty Industrial Machinery
MOIL.NS,Other Industrial Metals & Mining
GLS.NS,Drug Manufacturers‚ÄîSpecialty & Generic
CHOICEIN.NS,Capital Markets
BOSCHLTD.NS,Auto Parts
MINDACORP.NS,Auto Parts
IRCON.NS,Engineering & Construction
ZYDUSLIFE.NS,Drug Manufacturers‚ÄîSpecialty & Generic
CONCOR.NS,Railroads
ADANIENSOL.NS,Utilities - Independent Power Producers
TORNTPHARM.NS,Drug Manufacturers‚ÄîSpecialty & Generic
AFFLE.NS,Advertising Agencies
IDBI.NS,Banks‚ÄîRegional
VARROC.NS,Auto Parts
IFCI.NS,Credit Services
GREENPLY.NS,Lumber & Wood Production
PSB.NS,Banks‚ÄîRegional
POLYMED.NS,Medical Instruments & Supplies
MAYURUNIQ.NS,Textile Manufacturing
GREENLAM.NS,Furnishings, Fixtures & Appliances
PENIND.NS,Specialty Industrial Machinery
3IINFOLTD.NS,Information Technology Services
APARINDS.NS,Electrical Equipment & Parts
LINDEINDIA.NS,Specialty Chemicals
ARVINDFASN.NS,Apparel Manufacturing
ALICON.NS,Metal Fabrication
MAHLOG.NS,Integrated Freight & Logistics
TATACONSUM.NS,Packaged Foods
JUSTDIAL.NS,Internet Content & Information
DEEPINDS.NS,Oil & Gas E&P
AXISCADES.NS,Engineering & Construction
STYLAMIND.NS,Furnishings, Fixtures & Appliances
BCONCEPTS.NS,Footwear & Accessories
WINDLAS.NS,Drug Manufacturers‚ÄîSpecialty & Generic
FIBERWEB.NS,Textile Manufacturing
GRWRHITECH.NS,Specialty Chemicals
VLSFINANCE.NS,Capital Markets
INDIACEM.NS,Building Materials
HONAUT.NS,Electrical Equipment & Parts
GILLETTE.NS,Household & Personal Products
STARHEALTH.NS,Insurance‚ÄîDiversified
PGHL.NS,Drug Manufacturers‚ÄîSpecialty & Generic
SIGACHI.NS,Drug Manufacturers‚ÄîSpecialty & Generic
PRESTIGE.NS,Real Estate‚ÄîDiversified
VISESHINFO.NS,Information Technology Services
GLOBAL.NS,Education & Training Services
VIPIND.NS,Footwear & Accessories
SKMEGGPROD.NS,Packaged Foods
BLUESTARCO.NS,Specialty Industrial Machinery
ZENTEC.NS,Aerospace & Defense
MAXHEALTH.NS,Medical Care Facilities
THERMAX.NS,Specialty Industrial Machinery
SOUTHBANK.NS,Banks‚ÄîRegional
SHYAMMETL.NS,Steel
IMAGICAA.NS,Entertainment
INDIAGLYCO.NS,Chemicals
AJANTPHARM.NS,Drug Manufacturers‚ÄîSpecialty & Generic
HERITGFOOD.NS,Packaged Foods
ANANDRATHI.NS,Asset Management
AYMSYNTEX.NS,Textile Manufacturing
INOXWIND.NS,Specialty Industrial Machinery
WHEELS.NS,Auto Parts
CANBK.NS,Banks‚ÄîRegional
ASTRAL.NS,Building Products & Equipment
ATGL.NS,Utilities‚ÄîRegulated Gas
IOC.NS,Oil & Gas Refining & Marketing
MCX.NS,Financial Data & Stock Exchanges
KANSAINER.NS,Specialty Chemicals
SONATSOFTW.NS,Information Technology Services
BIKAJI.NS,Packaged Foods
GMDCLTD.NS,Thermal Coal
DCMSRIND.NS,
EMAMIPAP.NS,Materials
HINDZINC.NS,Other Industrial Metals & Mining
TINPLATE.NS,Steel
CRAFTSMAN.NS,Auto Parts
MATRIMONY.NS,Internet Content & Information
VSTIND.NS,Tobacco
BDL.NS,Aerospace & Defense
CYBERTECH.NS,Information Technology Services
INGERRAND.NS,Specialty Industrial Machinery
SHANTI.NS,Farm Products
AMBICAAGAR.NS,Household & Personal Products
SULA.NS,
FOODSIN.NS,
NRAIL.NS,Paper & Paper Products
HGINFRA.NS,Engineering & Construction
PRAXIS.NS,Specialty Retail
ORISSAMINE.NS,Other Industrial Metals & Mining
SHRIRAMPPS.NS,Real Estate‚ÄîDevelopment
EASEMYTRIP.NS,Travel Services
IDEA.NS,Telecom Services
GOLDBEES.NS,
UNITECH.NS,Real Estate‚ÄîDiversified
ROLEXRINGS.NS,Metal Fabrication
KICL.NS,Asset Management
SETFNN50.NS,
CLEAN.NS,Specialty Chemicals
MINDSPACE-RR.NS,
AGRITECH.NS,Farm Products
GINNIFILA.NS,Textile Manufacturing
UFLEX.NS,Packaging & Containers
MAWANASUG.NS,Confectioners
GRASIM.NS,Building Materials
BEML.NS,Conglomerates
GODFRYPHLP.NS,Tobacco
ADANIGREEN.NS,Utilities‚ÄîRenewable
ASHOKLEY.NS,Farm & Heavy Construction Machinery
CESC.NS,Utilities‚ÄîIndependent Power Producers
BODALCHEM.NS,Specialty Chemicals
VEDL.NS,Other Industrial Metals & Mining
MON100.NS,
OLECTRA.NS,Auto Parts
AXISBANK.NS,Banks‚ÄîRegional
COCHINSHIP.NS,Aerospace & Defense
SHIVATEX.NS,Textile Manufacturing
DIVISLAB.NS,Drug Manufacturers‚ÄîSpecialty & Generic
TATACOMM.NS,Telecom Services
BAJFINANCE.NS,Credit Services
OIL.NS,Oil & Gas E&P
MMTC.NS,Conglomerates
ENGINERSIN.NS,Engineering & Construction
5PAISA.NS,Capital Markets
HINDPETRO.NS,Oil & Gas Refining & Marketing
CASTROLIND.NS,Oil & Gas Refining & Marketing
SONACOMS.NS,Auto Parts
TFCILTD.NS,Credit Services
RICOAUTO.NS,Auto Parts
IBULHSGFIN.NS,Mortgage Finance
HAPPSTMNDS.NS,Information Technology Services
RAMCOCEM.NS,Building Materials
BHARATGEAR.NS,Auto Parts
KIRLOSIND.NS,Metal Fabrication
GRAPHITE.NS,Electrical Equipment & Parts
RANASUG.NS,Confectioners
UTIAMC.NS,Asset Management
PERSISTENT.NS,Information Technology Services
CUMMINSIND.NS,Specialty Industrial Machinery
BANKA.NS,Pollution & Treatment Controls
MANAPPURAM.NS,Credit Services
SHANTIGEAR.NS,Specialty Industrial Machinery
ZOMATO.NS,Internet Retail
M&MFIN.NS,Credit Services
AARTIDRUGS.NS,Drug Manufacturers‚ÄîSpecialty & Generic
ALEMBICLTD.NS,Drug Manufacturers‚ÄîSpecialty & Generic
LLOYDSENGG.NS,Specialty Industrial Machinery
HINDOILEXP.NS,Oil & Gas E&P
TATAMOTORS.NS,Auto Manufacturers
PTCIL.NS,Metals & Mining
STOVEKRAFT.NS,Furnishings, Fixtures & Appliances
PRINCEPIPE.NS,Specialty Chemicals
SURYODAY.NS,Banks‚ÄîRegional
RAJMET.NS,Other Industrial Metals & Mining
IDFCFIRSTB.NS,Banks‚ÄîRegional
PREMEXPLN.NS,Specialty Chemicals
ICICIB22.NS,
EICHERMOT.NS,Auto Manufacturers
PNBHOUSING.NS,Mortgage Finance
PFC.NS,Credit Services
VTL.NS,Textile Manufacturing
DCM.NS,Metal Fabrication
ADANIENT.NS,Thermal Coal
SUDARSCHEM.NS,Specialty Chemicals
BPCL.NS,Oil & Gas Refining & Marketing
APLAPOLLO.NS,Steel
JITFINFRA.NS,Integrated Freight & Logistics
BANKBARODA.NS,Banks‚ÄîRegional
AARTIIND.NS,Specialty Chemicals
EXIDEIND.NS,Auto Parts
CARYSIL.NS,Furnishings, Fixtures & Appliances
BRNL.NS,Infrastructure Operations
SESHAPAPER.NS,Paper & Paper Products
TATASTEEL.NS,Steel
ASTERDM.NS,Medical Care Facilities
EIHOTEL.NS,Lodging
GHCL.NS,Chemicals
TVSMOTOR.NS,Auto Manufacturers
BHEL.NS,Specialty Industrial Machinery
MITTAL.NS,Textile Manufacturing
PALREDTEC.NS,Information Technology Services
CHAMBLFERT.NS,Agricultural Inputs
AGI.NS,Packaging & Containers
KIOCL.NS,Steel
HIMATSEIDE.NS,Textile Manufacturing
BAJAJHIND.NS,Confectioners
ITI.NS,Communication Equipment
SUNDARMFIN.NS,Credit Services
RKEC.NS,Engineering & Construction
AMBER.NS,Furnishings, Fixtures & Appliances
ANDHRAPAP.NS,Paper & Paper Products
PAYTM.NS,Software‚ÄîInfrastructure
SPIC.NS,Agricultural Inputs
GIPCL.NS,Utilities‚ÄîRegulated Electric
TATAINVEST.NS,Capital Markets
HEXATRADEX.NS,Credit Services
APOLLO.NS,Aerospace & Defense
HCLTECH.NS,Information Technology Services
PARAGMILK.NS,Packaged Foods
IREDA.NS,Credit Services
RALLIS.NS,Agricultural Inputs
RAILTEL.NS,Telecom Services
SCI.NS,Marine Shipping
POWERINDIA.NS,Electronic Components
QUESS.NS,Staffing & Employment Services
PAKKA.NS,
MGL.NS,Utilities‚ÄîRegulated Gas
KIRIINDUS.NS,Specialty Chemicals
JSWENERGY.NS,Utilities‚ÄîIndependent Power Producers
FINEORG.NS,Specialty Chemicals
CENTURYTEX.NS,Paper & Paper Products
BATAINDIA.NS,Footwear & Accessories
GABRIEL.NS,Auto Parts
ANGELONE.NS,Capital Markets
COROMANDEL.NS,Agricultural Inputs
ANDHRSUGAR.NS,Chemicals
GICHSGFIN.NS,Mortgage Finance
SAIL.NS,Steel
BASF.NS,Specialty Chemicals
HDFCLIFE.NS,Insurance‚ÄîLife
ABFRL.NS,Apparel Manufacturing
ATULAUTO.NS,Auto Manufacturers
STARPAPER.NS,Paper & Paper Products
BTML.NS,
TIRUMALCHM.NS,Specialty Chemicals
ANUP.NS,Specialty Industrial Machinery
SBC.NS,Conglomerates
RCF.NS,Agricultural Inputs
LT.NS,Engineering & Construction
KILITCH.NS,Drug Manufacturers‚ÄîSpecialty & Generic
DMCC.NS,Chemicals
BCG.NS,Advertising Agencies
EQUITASBNK.NS,Banks‚ÄîRegional
SHREECEM.NS,Building Materials
DHAMPURSUG.NS,Confectioners
SRF.NS,Specialty Chemicals
RVNL.NS,Engineering & Construction
ESCORTS.NS,Farm & Heavy Construction Machinery
DALBHARAT.NS,Building Materials
DCMSHRIRAM.NS,Specialty Chemicals
LTTS.NS,Information Technology Services
SKFINDIA.NS,Tools & Accessories
CGPOWER.NS,Electrical Equipment & Parts
SHREDIGCEM.NS,Building Materials
TRENT.NS,Apparel Retail
APOLLOTYRE.NS,Auto Parts
POKARNA.NS,Building Products & Equipment
BALMLAWRIE.NS,Conglomerates
SUNDRMFAST.NS,Auto Parts
FLEXITUFF.NS,Textile Manufacturing
SANDHAR.NS,Auto Parts
RANEHOLDIN.NS,Auto Parts
BECTORFOOD.NS,Packaged Foods
ASIANPAINT.NS,Specialty Chemicals
SMCGLOBAL.NS,Capital Markets
INDUSINDBK.NS,Banks‚ÄîRegional
WONDERLA.NS,Leisure
KSL.NS,Steel
LTIM.NS,Information Technology Services
CAPACITE.NS,Engineering & Construction
MINDTECK.NS,Information Technology Services
MARATHON.NS,Real Estate‚ÄîDevelopment
CRISIL.NS,Financial Data & Stock Exchanges
SHALBY.NS,Medical Care Facilities
EPL.NS,Packaging & Containers
SEAMECLTD.NS,Marine Shipping
GICRE.NS,Insurance‚ÄîReinsurance
VAIBHAVGBL.NS,Luxury Goods
JIOFIN.NS,Asset Management
KOKUYOCMLN.NS,Business Equipment & Supplies
HEG.NS,Electrical Equipment & Parts
ACC.NS,Building Materials
FEDERALBNK.NS,Banks‚ÄîRegional
TEXRAIL.NS,Specialty Industrial Machinery
SANOFI.NS,Drug Manufacturers‚ÄîGeneral
AUROPHARMA.NS,Drug Manufacturers‚ÄîSpecialty & Generic
KIRLOSBROS.NS,Specialty Industrial Machinery
BHARATFORG.NS,Auto Parts
HCC.NS,Engineering & Construction
NHPC.NS,Utilities‚ÄîRenewable
DABUR.NS,Household & Personal Products
ZEEL.NS,Broadcasting
TCS.NS,Information Technology Services
AMBUJACEM.NS,Building Materials
LGBBROSLTD.NS,Auto Parts
FMGOETZE.NS,Auto Parts
NBCC.NS,Engineering & Construction
HAL.NS,Aerospace & Defense
SBIN.NS,Banks‚ÄîRegional
CARBORUNIV.NS,Conglomerates
BERGEPAINT.NS,Specialty Chemicals
DSSL.NS,Information Technology Services
GODREJAGRO.NS,Farm Products
AEGISCHEM.NS,Oil & Gas Refining & Marketing
FILATEX.NS,Textile Manufacturing
DRREDDY.NS,Drug Manufacturers‚ÄîSpecialty & Generic
APOLLOHOSP.NS,Medical Care Facilities
CAMS.NS,Information Technology Services
SUNFLAG.NS,Steel
SCHAEFFLER.NS,Auto Parts
KOTAKBANK.NS,Banks‚ÄîRegional
GREAVESCOT.NS,Specialty Industrial Machinery
BEPL.NS,Chemicals
RELINFRA.NS,Utilities‚ÄîRegulated Electric
CARERATING.NS,Financial Data & Stock Exchanges
EIDPARRY.NS,Confectioners
YESBANK.NS,Banks‚ÄîRegional
DREDGECORP.NS,Engineering & Construction
RHIM.NS,Metal Fabrication
FINCABLES.NS,Electrical Equipment & Parts
SIEMENS.NS,Specialty Industrial Machinery
GALAXYSURF.NS,Specialty Chemicals
FACT.NS,Agricultural Inputs
HDFCBANK.NS,Banks‚ÄîRegional
CIPLA.NS,Drug Manufacturers‚ÄîGeneral
JOCIL.NS,Specialty Chemicals
KOTAKNIFTY.NS,
TARC.NS,Real Estate‚ÄîDevelopment
GLAXO.NS,Drug Manufacturers‚ÄîGeneral
MOLDTECH.NS,Engineering & Construction
ONGC.NS,Oil & Gas Integrated
FINPIPE.NS,Building Products & Equipment
GSFC.NS,Agricultural Inputs
RAJSREESUG.NS,Confectioners
SUBROS.NS,Auto Parts
VISHNU.NS,Specialty Chemicals
LGBFORGE.NS,Metal Fabrication
LLOYDSME.NS,
LICI.NS,Insurance‚ÄîLife
HCL-INSYS.NS,Electronics & Computer Distribution
BSLNIFTY.NS,
DELPHIFX.NS,Capital Markets
LTGILTBEES.NS,
SETFNIFBK.NS,
SANGHIIND.NS,Building Materials
RBA.NS,Restaurants
HEMIPROP.NS,Real Estate‚ÄîDiversified
PAVNAIND.NS,
IRFC.NS,Credit Services
M&M.NS,Auto Manufacturers
CHOLAFIN.NS,Credit Services
ESTER.NS,Specialty Chemicals
INDUSTOWER.NS,Telecom Services
DEEPENR.NS,Oil & Gas Equipment & Services
ADFFOODS.NS,Packaged Foods
INDTERRAIN.NS,Apparel Manufacturing
SDBL.NS,Beverages‚ÄîBrewers
CEATLTD.NS,Auto Parts
RBLBANK.NS,Banks‚ÄîRegional
BGRENERGY.NS,Engineering & Construction
HUDCO.NS,Credit Services
BAJAJ-AUTO.NS,Auto Manufacturers
TIJARIA.NS,Building Products & Equipment
JKIL.NS,Engineering & Construction
ABCAPITAL.NS,Financial Conglomerates
HONASA.NS,Household & Personal Products
POLYCAB.NS,Electrical Equipment & Parts
BIOCON.NS,Biotechnology
IEX.NS,Capital Markets
COALINDIA.NS,Thermal Coal
TBZ.NS,Luxury Goods
CONSOFINVT.NS,Capital Markets
ATL.NS,Integrated Freight & Logistics
SPECIALITY.NS,Restaurants
KECL.NS,Specialty Industrial Machinery
NAGAFERT.NS,Agricultural Inputs
CENTUM.NS,Electronic Components
VIKASECO.NS,Specialty Chemicals
AVALON.NS,
MANGCHEFER.NS,Agricultural Inputs
BIGBLOC.NS,Building Products & Equipment
RECLTD.NS,Credit Services
OMAXAUTO.NS,Auto Parts
NITINSPIN.NS,Textile Manufacturing
BHANDARI.NS,Apparel Manufacturing
ESAFSFB.NS,Banks - Regional
HINDMOTORS.NS,Auto Manufacturers
RELIANCE.NS,Oil & Gas Refining & Marketing
ONMOBILE.NS,Telecom Services
DCAL.NS,Biotechnology
IOLCP.NS,Drug Manufacturers‚ÄîSpecialty & Generic
BHAGYANGR.NS,Copper
DELHIVERY.NS,Integrated Freight & Logistics
KAMDHENU.NS,Steel
TEXMOPIPES.NS,Building Products & Equipment
PPAP.NS,Auto Parts
ITDC.NS,Lodging
BIRLAMONEY.NS,Capital Markets
DEEPAKFERT.NS,Chemicals
FLAIR.NS,Business Equipment & Supplies
LOKESHMACH.NS,Specialty Industrial Machinery
SPCENET.NS,Capital Markets
BALKRISIND.NS,Auto Parts
VIVIDHA.NS,Textile Manufacturing
IGARASHI.NS,Auto Parts
ASKAUTOLTD.NS,Auto Parts
ZUARI.NS,Agricultural Inputs
CAREERP.NS,Conglomerates
NAVINFLUOR.NS,Chemicals
DBL.NS,Engineering & Construction
RELAXO.NS,Footwear & Accessories
JAIBALAJI.NS,Steel
WABAG.NS,Waste Management
PIIND.NS,Agricultural Inputs
GANDHAR.NS,Oil & Gas Refining & Marketing
HINDUNILVR.NS,Household & Personal Products
SMSLIFE.NS,Biotechnology
RIIL.NS,Engineering & Construction
RAYMOND.NS,Textile Manufacturing
ESSARSHPNG.NS,Marine Shipping
KNRCON.NS,Engineering & Construction
CANFINHOME.NS,Mortgage Finance
JINDRILL.NS,Oil & Gas Equipment & Services
LICHSGFIN.NS,Mortgage Finance
NSLNISP.NS,Steel
KPIGREEN.NS,Utilities‚ÄîRenewable
OMAXE.NS,Real Estate‚ÄîDevelopment
KOLTEPATIL.NS,Real Estate‚ÄîDevelopment
JKTYRE.NS,Auto Parts
RUSHIL.NS,Furnishings, Fixtures & Appliances
GNFC.NS,Chemicals
NELCAST.NS,Metal Fabrication
REPCOHOME.NS,Mortgage Finance
POCL.NS,
GRAVITA.NS,Metal Fabrication
CGCL.NS,Credit Services
RTNINDIA.NS,Utilities‚ÄîIndependent Power Producers
AHLUCONT.NS,Engineering & Construction
PLASTIBLEN.NS,Specialty Chemicals
ROSSARI.NS,Specialty Chemicals
MANINFRA.NS,Engineering & Construction
SIS.NS,Security & Protection Services
MHRIL.NS,Resorts & Casinos
NESCO.NS,Conglomerates
PNB.NS,Banks‚ÄîRegional
BBTC.NS,Packaged Foods
INFY.NS,Information Technology Services
ATUL.NS,Specialty Chemicals
GTPL.NS,Entertainment
GPPL.NS,Marine Shipping
POWERGRID.NS,Utilities‚ÄîRegulated Electric
DLINKINDIA.NS,Communication Equipment
MCDOWELL-N.NS,Beverages‚ÄîWineries & Distilleries
VADILALIND.NS,Packaged Foods
CYIENTDLM.NS,
DCW.NS,Chemicals
KOTARISUG.NS,Confectioners
LEXUS.NS,
PSUBNKBEES.NS,
TVSHLTD.NS,Auto Parts
BEL.NS,Aerospace & Defense
ELECTCAST.NS,Steel
GLAND.NS,Drug Manufacturers‚ÄîGeneral
LAURUSLABS.NS,Drug Manufacturers‚ÄîSpecialty & Generic
SUPREMEIND.NS,Building Products & Equipment
SURANASOL.NS,Solar
ICICIBANK.NS,Banks‚ÄîRegional
HDFCAMC.NS,Asset Management
ZENSARTECH.NS,Information Technology Services
GAIL.NS,Utilities‚ÄîRegulated Gas
TECHM.NS,Information Technology Services
NTPC.NS,Utilities‚ÄîIndependent Power Producers
BALRAMCHIN.NS,Confectioners
OFSS.NS,Software‚ÄîInfrastructure
SUBEXLTD.NS,Software‚ÄîApplication
MOTILALOFS.NS,Capital Markets
BAJAJCON.NS,Household & Personal Products
SUPERHOUSE.NS,Footwear & Accessories
COFORGE.NS,Information Technology Services
SALASAR.NS,Steel
BHARTIARTL.NS,Telecom Services
ICICIGI.NS,Insurance‚ÄîDiversified
WIPRO.NS,Information Technology Services
PAGEIND.NS,Apparel Manufacturing
CDSL.NS,Capital Markets
NCLIND.NS,Building Materials
GUJGASLTD.NS,Utilities‚ÄîRegulated Gas
BSOFT.NS,Information Technology Services
IRCTC.NS,Railroads
CSBBANK.NS,Banks‚ÄîRegional
COLPAL.NS,Household & Personal Products
HFCL.NS,Communication Equipment
BOROLTD.NS,Furnishings, Fixtures & Appliances
UBL.NS,Beverages‚ÄîBrewers
RAMKY.NS,Engineering & Construction
SCHAND.NS,Publishing
MPHASIS.NS,Information Technology Services
RUPA.NS,Apparel Manufacturing
RITES.NS,Engineering & Construction
HPL.NS,Electrical Equipment & Parts
KDDL.NS,Luxury Goods
JWL.NS,Railroads
JASH.NS,Specialty Industrial Machinery
TATAPOWER.NS,Utilities‚ÄîIndependent Power Producers
BHARATWIRE.NS,Steel
DMART.NS,Discount Stores
SHANKARA.NS,Home Improvement Retail
UNOMINDA.NS,Auto Parts
MARUTI.NS,Auto Manufacturers
ADANIPORTS.NS,Marine Shipping
AARVI.NS,Staffing & Employment Services
PDMJEPAPER.NS,Paper & Paper Products
CROMPTON.NS,Furnishings, Fixtures & Appliances
JYOTHYLAB.NS,Household & Personal Products
TEJASNET.NS,Communication Equipment
AMBIKCO.NS,Textile Manufacturing
ERIS.NS,Drug Manufacturers‚ÄîSpecialty & Generic
APEX.NS,Farm Products
UGARSUGAR.NS,Confectioners
AURIONPRO.NS,Software‚ÄîInfrastructure
BLISSGVS.NS,Drug Manufacturers‚ÄîSpecialty & Generic
NAHARSPING.NS,Textile Manufacturing
THEINVEST.NS,Capital Markets
DONEAR.NS,Textile Manufacturing
VERTOZ.NS,Advertising Agencies
GOKUL.NS,Packaged Foods
LAOPALA.NS,Furnishings, Fixtures & Appliances
HMVL.NS,Publishing
IMFA.NS,Steel
AVADHSUGAR.NS,Confectioners
ULTRACEMCO.NS,Building Materials
MAGNUM.NS,Paper & Paper Products
DIAMONDYD.NS,Packaged Foods
NUCLEUS.NS,Software‚ÄîApplication
ADANIPOWER.NS,Utilities‚ÄîIndependent Power Producers
DOLLAR.NS,Apparel Manufacturing
HINDALCO.NS,Aluminum
INDIGO.NS,Airlines
OSWALSEEDS.NS,
VASWANI.NS,Steel
DBCORP.NS,Publishing
PITTIENG.NS,Metal Fabrication
DLF.NS,Real Estate‚ÄîDevelopment
STEL.NS,Farm Products
QUICKHEAL.NS,Software‚ÄîApplication
SWANENERGY.NS,Textile Manufacturing
ICICIPRULI.NS,Insurance‚ÄîLife
AXISGOLD.NS,
KAMOPAINTS.NS,
AARTECH.NS,
GODREJPROP.NS,Real Estate‚ÄîDevelopment
JETFREIGHT.NS,Integrated Freight & Logistics
MANORAMA.NS,Packaged Foods
RAIN.NS,Chemicals
BCLIND.NS,Household & Personal Products
INFOBEAN.NS,Software‚ÄîApplication
ALLCARGO.NS,Integrated Freight & Logistics
BALKRISHNA.NS,Packaging & Containers
DIXON.NS,Consumer Electronics
AXITA.NS,Textile Manufacturing
ANURAS.NS,Specialty Chemicals
PVRINOX.NS,Entertainment
SUMICHEM.NS,Agricultural Inputs
DREAMFOLKS.NS,Airports & Air Services
CONFIPET.NS,Oil & Gas Refining & Marketing
BANCOINDIA.NS,Auto Parts
LALPATHLAB.NS,Diagnostics & Research
COASTCORP.NS,Packaged Foods
SGL.NS,Textile Manufacturing
ACI.NS,Chemicals
GENESYS.NS,Software‚ÄîApplication
FLUOROCHEM.NS,Chemicals
GOLDIAM.NS,Luxury Goods
NDTV.NS,Broadcasting
CREATIVE.NS,Electronics & Computer Distribution
JISLJALEQS.NS,Farm & Heavy Construction Machinery
NESTLEIND.NS,Packaged Foods
GRINFRA.NS,Engineering & Construction
MID150BEES.NS,
RSYSTEMS.NS,Information Technology Services
PEL.NS,Drug Manufacturers‚ÄîSpecialty & Generic
CIGNITITEC.NS,Information Technology Services
PRIVISCL.NS,Specialty Chemicals
JINDALPHOT.NS,Asset Management
BLKASHYAP.NS,Engineering & Construction
JHS.NS,Household & Personal Products
SHILPAMED.NS,Drug Manufacturers‚ÄîSpecialty & Generic
CAMLINFINE.NS,Specialty Chemicals
NAVKARCORP.NS,Integrated Freight & Logistics
JSWHL.NS,Conglomerates
WSI.NS,Electrical Equipment & Parts
AETHER.NS,Specialty Chemicals
OSIAHYPER.NS,Department Stores
ELGIEQUIP.NS,Specialty Industrial Machinery
CAMPUS.NS,Footwear & Accessories
AIRAN.NS,Information Technology Services
APTECHT.NS,Education & Training Services
ARVSMART.NS,Real Estate‚ÄîDevelopment
IMPAL.NS,Auto Parts
LIBAS.NS,Apparel Manufacturing
PIDILITIND.NS,Specialty Chemicals
KAYNES.NS,Specialty Industrial Machinery
UJJIVAN.NS,Credit Services
LTFOODS.NS,Packaged Foods
BALAJITELE.NS,Entertainment
BASML.NS,Textile Manufacturing
BAJAJFINSV.NS,Financial Conglomerates
DHARMAJ.NS,Agricultural Inputs
SWELECTES.NS,Solar
SIYSIL.NS,Textile Manufacturing
FIEMIND.NS,Auto Parts
VIRINCHI.NS,
VIPCLOTHNG.NS,Apparel Manufacturing
JMFINANCIL.NS,Capital Markets
GANESHHOUC.NS,Real Estate‚ÄîDevelopment
NILAINFRA.NS,Real Estate‚ÄîDevelopment
BLBLIMITED.NS,Capital Markets
ANMOL.NS,Thermal Coal
TREL.NS,Rental & Leasing Services
RUCHIRA.NS,Paper & Paper Products
DOLATALGO.NS,Capital Markets
RADIANTCMS.NS,
UNIVPHOTO.NS,Medical Devices
EXCELINDUS.NS,Specialty Chemicals
ALPA.NS,Drug Manufacturers‚ÄîSpecialty & Generic
RELIGARE.NS,Capital Markets
DEVYANI.NS,Restaurants
SUNPHARMA.NS,Drug Manufacturers‚ÄîSpecialty & Generic
GVKPIL.NS,Airports & Air Services
SSWL.NS,Auto Parts
LUXIND.NS,Apparel Manufacturing
VOLTAMP.NS,Electrical Equipment & Parts
MAHESHWARI.NS,Integrated Freight & Logistics
ENIL.NS,Broadcasting
IIFLSEC.NS,Capital Markets
CMSINFO.NS,Specialty Business Services
APOLSINHOT.NS,Lodging
CAPLIPOINT.NS,Drug Manufacturers‚ÄîSpecialty & Generic
HEROMOTOCO.NS,Auto Manufacturers
TATAELXSI.NS,Software‚ÄîApplication
NECLIFE.NS,Drug Manufacturers‚ÄîSpecialty & Generic
THYROCARE.NS,Diagnostics & Research
CENTURYPLY.NS,Furnishings, Fixtures & Appliances
ELECON.NS,Specialty Industrial Machinery
TCIEXP.NS,Integrated Freight & Logistics
WHIRLPOOL.NS,Furnishings, Fixtures & Appliances
ACE.NS,Farm & Heavy Construction Machinery
NIITLTD.NS,Education & Training Services
AUBANK.NS,Banks‚ÄîRegional
GSS.NS,Information Technology Services
JKLAKSHMI.NS,Building Materials
INDHOTEL.NS,Lodging
BBL.NS,Electrical Equipment & Parts
DCBBANK.NS,Banks‚ÄîRegional
COFFEEDAY.NS,Restaurants
POONAWALLA.NS,Credit Services
AUTOIND.NS,Auto Parts
FSL.NS,Information Technology Services
ALLSEC.NS,Specialty Business Services
ASAL.NS,Auto Parts
ASTRAMICRO.NS,Communication Equipment
TRF.NS,Specialty Industrial Machinery
BALAMINES.NS,Specialty Chemicals
ISMTLTD.NS,Steel
HBLPOWER.NS,Electrical Equipment & Parts
OAL.NS,Specialty Chemicals
CALSOFT.NS,Software‚ÄîApplication
TIMETECHNO.NS,Packaging & Containers
AAREYDRUGS.NS,Drug Manufacturers‚ÄîSpecialty & Generic
MONARCH.NS,Capital Markets
SEPC.NS,Engineering & Construction
SOBHA.NS,Real Estate‚ÄîDevelopment
ASTRAZEN.NS,Drug Manufacturers‚ÄîSpecialty & Generic
ALKYLAMINE.NS,Specialty Chemicals
MEDICO.NS,Drug Manufacturers‚ÄîSpecialty & Generic
SCHNEIDER.NS,Specialty Industrial Machinery
RGL.NS,Luxury Goods
CLSEL.NS,
ECLERX.NS,Information Technology Services
ASAHIINDIA.NS,Auto Parts
HINDWAREAP.NS,Furnishings, Fixtures & Appliances
BBOX.NS,Software‚ÄîApplication
DCI.NS,Electronics & Computer Distribution
VGUARD.NS,Electrical Equipment & Parts
ABBOTINDIA.NS,Drug Manufacturers‚ÄîGeneral
GRANULES.NS,Drug Manufacturers‚ÄîSpecialty & Generic
UTTAMSUGAR.NS,Confectioners
GOKEX.NS,Apparel Manufacturing
ICIL.NS,Textile Manufacturing
LUPIN.NS,Drug Manufacturers‚ÄîSpecialty & Generic
TIIL.NS,Tools & Accessories
SOLARINDS.NS,Specialty Chemicals
GSPL.NS,Utilities‚ÄîRegulated Gas
RAMANEWS.NS,Paper & Paper Products
JAGRAN.NS,Publishing
VASCONEQ.NS,Engineering & Construction
SPAL.NS,Apparel Manufacturing
SARLAPOLY.NS,Textile Manufacturing
ZEEMEDIA.NS,Broadcasting
KRBL.NS,Packaged Foods
OBCL.NS,Trucking
AHL.NS,
GREENPANEL.NS,Furnishings, Fixtures & Appliances
KKCL.NS,Apparel Manufacturing
ELIN.NS,
SELAN.NS,Oil & Gas E&P
SHALPAINTS.NS,Specialty Chemicals
ABSLBANETF.NS,
ARCHIES.NS,Specialty Retail
SENCO.NS,
IDEAFORGE.NS,
ARIHANTCAP.NS,Capital Markets
JUNIORBEES.NS,
PILANIINVS.NS,Asset Management
CPSEETF.NS,
SECURKLOUD.NS,Software‚ÄîApplication
FINOPB.NS,Banks‚ÄîRegional
VENKEYS.NS,Farm Products
NIPPOBATRY.NS,Electrical Equipment & Parts
ASHIMASYN.NS,Textile Manufacturing
PRITIKAUTO.NS,Specialty Industrial Machinery
JUBLINDS.NS,Specialty Chemicals
LAMBODHARA.NS,Textile Manufacturing
SHAILY.NS,Medical Instruments & Supplies
GODREJCP.NS,Household & Personal Products
ARROWGREEN.NS,Packaging & Containers
RKFORGE.NS,Tools & Accessories
RPSGVENT.NS,Information Technology Services
NIF100BEES.NS,
RUBYMILLS.NS,Textile Manufacturing
ARVIND.NS,Textile Manufacturing
PANSARI.NS,Real Estate‚ÄîDevelopment
JAIPURKURT.NS,
IRISDOREME.NS,Apparel Manufacturing
DIGJAMLMTD.NS,
AKZOINDIA.NS,Specialty Chemicals
MACPOWER.NS,Specialty Industrial Machinery
VINDHYATEL.NS,Engineering & Construction
MRF.NS,Auto Parts
SMARTLINK.NS,Communication Equipment
BRITANNIA.NS,Packaged Foods
FAIRCHEMOR.NS,Specialty Chemicals
RAMCOSYS.NS,Software‚ÄîApplication
LINC.NS,Business Equipment & Supplies
ASIANTILES.NS,Building Products & Equipment
JAYBARMARU.NS,Auto Parts
LASA.NS,Drug Manufacturers‚ÄîSpecialty & Generic
ASHAPURMIN.NS,Other Industrial Metals & Mining
KOTHARIPRO.NS,Conglomerates
MONTECARLO.NS,Apparel Manufacturing
PNCINFRA.NS,Engineering & Construction
DIL.NS,Farm & Heavy Construction Machinery
OSWALAGRO.NS,Real Estate‚ÄîDevelopment
GEPIL.NS,Engineering & Construction
AVROIND.NS,Furnishings, Fixtures & Appliances
ZOTA.NS,Biotechnology
ARENTERP.NS,Other Industrial Metals & Mining
ARIES.NS,Agricultural Inputs
ADVANIHOTR.NS,Lodging
MUTHOOTFIN.NS,Credit Services
STERTOOLS.NS,Tools & Accessories
CONTROLPR.NS,Business Equipment & Supplies
SMLISUZU.NS,Auto Manufacturers
SUKHJITS.NS,Specialty Chemicals
GANECOS.NS,Textile Manufacturing
GENSOL.NS,
DYNPRO.NS,Specialty Chemicals
MAGADSUGAR.NS,Confectioners
INDOBORAX.NS,Chemicals
NIRAJ.NS,Engineering & Construction
IFBAGRO.NS,Beverages‚ÄîWineries & Distilleries
MEDICAMEQ.NS,Drug Manufacturers‚ÄîSpecialty & Generic
UNICHEMLAB.NS,Drug Manufacturers‚ÄîSpecialty & Generic
JUBLFOOD.NS,Restaurants
PUNJABCHEM.NS,Chemicals
CELEBRITY.NS,Apparel Manufacturing
TEAMLEASE.NS,Staffing & Employment Services
SPENCERS.NS,Department Stores
SANGINITA.NS,Chemicals
TRIGYN.NS,Information Technology Services
DPWIRES.NS,Metal Fabrication
ASTRON.NS,Paper & Paper Products
AMRUTANJAN.NS,Drug Manufacturers‚ÄîSpecialty & Generic
SOTL.NS,Specialty Chemicals
EVERESTIND.NS,Building Products & Equipment
ABB.NS,Specialty Industrial Machinery
GMBREW.NS,Beverages‚ÄîWineries & Distilleries
EROSMEDIA.NS,Entertainment
JAYAGROGN.NS,Specialty Chemicals
CERA.NS,Building Products & Equipment
VETO.NS,Electrical Equipment & Parts
GATEWAY.NS,Integrated Freight & Logistics
BEDMUTHA.NS,Steel
PRECOT.NS,Textile Manufacturing
ZIMLAB.NS,Drug Manufacturers‚ÄîSpecialty & Generic
HARDWYN.NS,Building Products & Equipment
SAKUMA.NS,Farm Products
MODISONLTD.NS,Electrical Equipment & Parts
IRIS.NS,Software‚ÄîApplication
BOMDYEING.NS,Textile Manufacturing
SASKEN.NS,Information Technology Services
AHLADA.NS,Building Products & Equipment
VIMTALABS.NS,Diagnostics & Research
XPROINDIA.NS,Specialty Chemicals
HAVELLS.NS,Electrical Equipment & Parts
ALBERTDAVD.NS,Drug Manufacturers‚ÄîSpecialty & Generic
ROHLTD.NS,Lodging
KESORAMIND.NS,Building Materials
SALSTEEL.NS,Steel
RELCHEMQ.NS,Textile Manufacturing
INDOAMIN.NS,Chemicals
KCP.NS,Building Materials
PRECWIRE.NS,Electrical Equipment & Parts
HUHTAMAKI.NS,Packaging & Containers
DYNAMATECH.NS,Auto Parts
CANTABIL.NS,Apparel Manufacturing
ALKEM.NS,Drug Manufacturers‚ÄîSpecialty & Generic
ALKALI.NS,Specialty Chemicals
DENORA.NS,Electrical Equipment & Parts
HLEGLAS.NS,Specialty Industrial Machinery
PGHH.NS,Household & Personal Products
INDNIPPON.NS,Auto Parts
INVENTURE.NS,Capital Markets
BAJAJELEC.NS,Furnishings, Fixtures & Appliances
SERVOTECH.NS,Diversified Electronics
GARFIBRES.NS,Textile Manufacturing
DHUNINV.NS,Capital Markets
STEELCAS.NS,Steel
VISAKAIND.NS,Building Products & Equipment
PILITA.NS,Furnishings, Fixtures & Appliances
ALPHAGEO.NS,Oil & Gas Equipment & Services
ACCELYA.NS,Information Technology Services
KINGFA.NS,Specialty Chemicals
GNA.NS,Auto Parts
SURYAROSNI.NS,Steel
GILLANDERS.NS,Conglomerates
KHAICHEM.NS,
ABSLAMC.NS,Asset Management
CHEMCON.NS,Specialty Chemicals
SAPPHIRE.NS,Restaurants
LIBERTSHOE.NS,Footwear & Accessories
BFUTILITIE.NS,Utilities‚ÄîRenewable
ELDEHSG.NS,Real Estate Services
SOMANYCERA.NS,Building Products & Equipment
APLLTD.NS,Drug Manufacturers‚ÄîSpecialty & Generic
SHYAMCENT.NS,Steel
ORBTEXP.NS,Textile Manufacturing
NURECA.NS,Medical Devices
AXISNIFTY.NS,
HINDCOMPOS.NS,Auto Parts
GFLLIMITED.NS,Entertainment
AUSOMENT.NS,Capital Markets
STARTECK.NS,Credit Services
MAHSCOOTER.NS,Auto Parts
IPL.NS,Agricultural Inputs
MOKSH.NS,Luxury Goods
BAJAJHLDNG.NS,Asset Management
BFINVEST.NS,Asset Management
PALASHSECU.NS,Packaged Foods
SATINDLTD.NS,
MASPTOP50.NS,
DICIND.NS,Specialty Chemicals
CENTRUM.NS,Financial Conglomerates
DEVIT.NS,Information Technology Services
ADVENZYMES.NS,Specialty Chemicals
CCHHL.NS,Lodging
PNC.NS,Entertainment
IWEL.NS,Specialty Industrial Machinery
HCG.NS,Medical Care Facilities
BIRLACORPN.NS,Building Materials
EPIGRAL.NS,Chemicals
HERCULES.NS,Specialty Industrial Machinery
ISFT.NS,Internet Retail
COSMOFIRST.NS,Packaging & Containers
PFOCUS.NS,Entertainment
MEGASTAR.NS,Packaged Foods
PVP.NS,Conglomerates
AIROLAM.NS,Furnishings, Fixtures & Appliances
NAHARPOLY.NS,Packaging & Containers
GUFICBIO.NS,Drug Manufacturers‚ÄîSpecialty & Generic
SRHHYPOLTD.NS,Chemicals
AJOONI.NS,Packaged Foods
NRL.NS,
GRMOVER.NS,Packaged Foods
HPAL.NS,Specialty Chemicals
AVG.NS,
DIGISPICE.NS,Information Technology Services
PATINTLOG.NS,Integrated Freight & Logistics
AMJLAND.NS,Real Estate‚ÄîDevelopment
TEMBO.NS,Metal Fabrication
NETWORK18.NS,Broadcasting
NAHARINDUS.NS,Textile Manufacturing
MUNJALAU.NS,Auto Parts
SIMBHALS.NS,Confectioners
TCI.NS,Integrated Freight & Logistics
IGPL.NS,Specialty Chemicals
ATFL.NS,Packaged Foods
AKSHARCHEM.NS,Specialty Chemicals
AWHCL.NS,Waste Management
RAJRATAN.NS,Steel
PIONEEREMB.NS,Textile Manufacturing
HBSL.NS,Capital Markets
CCL.NS,Packaged Foods
BANARISUG.NS,Confectioners
NILKAMAL.NS,Furnishings, Fixtures & Appliances
BAJAJHCARE.NS,Drug Manufacturers‚ÄîSpecialty & Generic
PRIMESECU.NS,Capital Markets
RML.NS,Auto Parts
HOVS.NS,Information Technology Services
RHL.NS,
PRAKASH.NS,Steel
CYBERMEDIA.NS,Publishing
INTLCONV.NS,Machinery, Tools, Heavy Vehicles, Trains & Ships
INDIGRID-IV.NS,
GUJALKALI.NS,Chemicals
RACE.NS,
MANOMAY.NS,
RATNAMANI.NS,Steel
VALIANTORG.NS,Chemicals
CHALET.NS,Lodging
SHAREINDIA.NS,Capital Markets
DCMNVL.NS,Textile Manufacturing
SURYALAXMI.NS,Textile Manufacturing
KMSUGAR.NS,Confectioners
MITCON.NS,Engineering & Construction
GUJAPOLLO.NS,Specialty Industrial Machinery
VSTTILLERS.NS,Farm & Heavy Construction Machinery
CHEMFAB.NS,Specialty Chemicals
KOTAKIT.NS,
KIRLPNU.NS,
CHOLAHLDNG.NS,Credit Services
MAFANG.NS,
AARON.NS,Specialty Industrial Machinery
SURANAT&P.NS,Utilities‚ÄîIndependent Power Producers
AKSHAR.NS,Textile Manufacturing
MANGALAM.NS,Drug Manufacturers‚ÄîSpecialty & Generic
LOTUSEYE.NS,Medical Care Facilities
BIOFILCHEM.NS,Drug Manufacturers‚ÄîSpecialty & Generic
NITIRAJ.NS,Scientific & Technical Instruments
ZYDUSWELL.NS,Packaged Foods
MEP.NS,Infrastructure Operations
VENUSREM.NS,Drug Manufacturers‚ÄîSpecialty & Generic
PRUDENT.NS,Asset Management
ASALCBR.NS,Beverages‚ÄîWineries & Distilleries
LAL.NS,
PGIL.NS,Apparel Manufacturing
GEECEE.NS,Real Estate‚ÄîDevelopment
APCOTEXIND.NS,Specialty Chemicals
VMART.NS,Department Stores
MAHEPC.NS,Farm & Heavy Construction Machinery
MANAKSIA.NS,Metal Fabrication
GRINDWELL.NS,Building Products & Equipment
ASHIANA.NS,Real Estate‚ÄîDevelopment
BUTTERFLY.NS,Furnishings, Fixtures & Appliances
UNIDT.NS,Oil & Gas Equipment & Services
PURVA.NS,Real Estate‚ÄîDevelopment
TERASOFT.NS,Information Technology Services
REFEX.NS,Thermal Coal
RPGLIFE.NS,Drug Manufacturers‚ÄîSpecialty & Generic
HTMEDIA.NS,Publishing
CLEDUCATE.NS,Education & Training Services
POWERMECH.NS,Engineering & Construction
GAEL.NS,Packaged Foods
INDRAMEDCO.NS,Medical Care Facilities
OILCOUNTUB.NS,Oil & Gas Equipment & Services
ALMONDZ.NS,Capital Markets
NATHBIOGEN.NS,Agricultural Inputs
MIRCELECTR.NS,Furnishings, Fixtures & Appliances
DUCON.NS,Specialty Industrial Machinery
ASIANENE.NS,Oil & Gas Equipment & Services
VHL.NS,Credit Services
INDIANHUME.NS,Engineering & Construction
PEARLPOLY.NS,Packaging & Containers
3MINDIA.NS,Conglomerates
RSWM.NS,Textile Manufacturing
AKSHOPTFBR.NS,Communication Equipment
THANGAMAYL.NS,Luxury Goods
STARCEMENT.NS,Building Materials
SARDAEN.NS,Steel
FOSECOIND.NS,Chemicals
FOCUS.NS,Furnishings, Fixtures & Appliances
TVSSRICHAK.NS,Auto Parts
NARMADA.NS,Agricultural Inputs
SAKAR.NS,Drug Manufacturers‚ÄîSpecialty & Generic
VSSL.NS,Steel
TASTYBITE.NS,Packaged Foods
SHARIABEES.NS,
ESSENTIA.NS,Apparel Manufacturing
GOKULAGRO.NS,Packaged Foods
VCL.NS,Textile Manufacturing
DHRUV.NS,Engineering & Construction
SAKHTISUG.NS,Confectioners
AARTISURF.NS,Specialty Chemicals
UMAEXPORTS.NS,Farm Products
CTE.NS,Information Technology Services
KITEX.NS,Apparel Manufacturing
FMNL.NS,Real Estate Services
MAXESTATES.NS,Real Estate - Development
BLUEJET.NS,Biotechnology
CREST.NS,Financial Conglomerates
JINDWORLD.NS,Textile Manufacturing
ROSSELLIND.NS,Conglomerates
CHEMBOND.NS,Specialty Chemicals
MBAPL.NS,Agricultural Inputs
MANAKSTEEL.NS,Steel
HINDCON.NS,Specialty Chemicals
LYPSAGEMS.NS,Luxury Goods
MCLEODRUSS.NS,Packaged Foods
SASTASUNDR.NS,Pharmaceutical Retailers
MUFIN.NS,Credit Services
CELLO.NS,Furnishings, Fixtures & Appliances
VRLLOG.NS,Trucking
VINEETLAB.NS,Chemicals
HUBTOWN.NS,Real Estate‚ÄîDevelopment
ENERGYDEV.NS,Utilities‚ÄîRegulated Electric
HAVISHA.NS,Lodging
MAHASTEEL.NS,Steel
ZENITHEXPO.NS,Textile Manufacturing
UGROCAP.NS,Credit Services
20MICRONS.NS,Other Industrial Metals & Mining
CHEMPLASTS.NS,Chemicals
BLUEDART.NS,Integrated Freight & Logistics
IFGLEXPOR.NS,Building Materials
MUTHOOTCAP.NS,Credit Services
SETFGOLD.NS,
TOTAL.NS,Integrated Freight & Logistics
NSIL.NS,Asset Management
ATAM.NS,
PIGL.NS,
COMPUSOFT.NS,Education & Training Services
ICRA.NS,Financial Data & Stock Exchanges
SIKKO.NS,Agricultural Inputs
ADORWELD.NS,Specialty Industrial Machinery
63MOONS.NS,Software & Services
UNIVCABLES.NS,Electrical Equipment & Parts
BAYERCROP.NS,Agricultural Inputs
BALPHARMA.NS,Drug Manufacturers‚ÄîSpecialty & Generic
WIPL.NS,Lumber & Wood Production
WINDMACHIN.NS,Specialty Industrial Machinery
PARACABLES.NS,Communication Equipment
ESABINDIA.NS,Tools & Accessories
KEYFINSERV.NS,Capital Markets
KRITI.NS,Building Products & Equipment
GHCLTEXTIL.NS,
DPSCLTD.NS,Utilities‚ÄîRegulated Electric
MPSLTD.NS,Publishing
PTL.NS,Real Estate Services
INDOTECH.NS,Electrical Equipment & Parts
AARTIPHARM.NS,Drug Manufacturers‚ÄîSpecialty & Generic
CORALFINAC.NS,Real Estate Services
SALONA.NS,Textile Manufacturing
VIJIFIN.NS,Credit Services
MOM100.NS,
BLAL.NS,
BROOKS.NS,Drug Manufacturers‚ÄîSpecialty & Generic
TTKHLTCARE.NS,Drug Manufacturers‚ÄîGeneral
AJMERA.NS,Real Estate‚ÄîDevelopment
APOLLOPIPE.NS,Building Products & Equipment
TCNSBRANDS.NS,Apparel Manufacturing
NAHARCAP.NS,Capital Markets
BSHSL.NS,Agricultural Inputs
DBOL.NS,Farm Products
MORARJEE.NS,Textile Manufacturing
EMAMIREAL.NS,Real Estate‚ÄîDevelopment
KOHINOOR.NS,Packaged Foods
ORTINLAB.NS,Drug Manufacturers‚ÄîSpecialty & Generic
SHRADHA.NS,Real Estate Services
CONSUMBEES.NS,
GENUSPAPER.NS,Paper & Paper Products
RAMRAT.NS,Electrical Equipment & Parts
CINEVISTA.NS,Entertainment
MAANALU.NS,Aluminum
GANGAFORGE.NS,Metal Fabrication
KANORICHEM.NS,Chemicals
ORIENTBELL.NS,Building Products & Equipment
KSCL.NS,Farm Products
PODDARMENT.NS,Specialty Chemicals
SHIVAMAUTO.NS,Auto Parts
SREEL.NS,Footwear & Accessories
V2RETAIL.NS,Apparel Retail
UNIENTER.NS,Chemicals
SETCO.NS,Auto Parts
ADL.NS,Furnishings, Fixtures & Appliances
ATALREAL.NS,
SIGMA.NS,Software & IT Services
AAATECH.NS,Information Technology Services
GLOBALVECT.NS,Airports & Air Services
GAYAHWS.NS,Infrastructure Operations
BIRLACABLE.NS,Communication Equipment
KOTAKGOLD.NS,
BANSWRAS.NS,Textile Manufacturing
EQUIPPP.NS,Agricultural Inputs
GOLDSHARE.NS,
ACCURACY.NS,Integrated Freight & Logistics
LATTEYS.NS,
LOYALTEX.NS,Textile Manufacturing
SEYAIND.NS,Specialty Chemicals
MMP.NS,Aluminum
VIDHIING.NS,Specialty Chemicals
SHREEPUSHK.NS,Specialty Chemicals
MKPL.NS,
REPRO.NS,Specialty Business Services
INDSWFTLAB.NS,Drug Manufacturers‚ÄîSpecialty & Generic
HITECHGEAR.NS,Auto Parts
MOLDTKPAC.NS,Packaging & Containers
CHEVIOT.NS,Textile Manufacturing
CORDSCABLE.NS,Electrical Equipment & Parts
SUPRAJIT.NS,Auto Parts
EXPLEOSOL.NS,Information Technology Services
LAXMIMACH.NS,Specialty Industrial Machinery
MARINE.NS,Marine Shipping
WALCHANNAG.NS,Engineering & Construction
IVC.NS,Financial Conglomerates
HATSUN.NS,Packaged Foods
OCCL.NS,Chemicals
MMFL.NS,Metal Fabrication
DIVGIITTS.NS,
PONNIERODE.NS,Confectioners
AUTOAXLES.NS,Auto Parts
JAYNECOIND.NS,Steel
BHAGERIA.NS,Specialty Chemicals
AVTNPL.NS,Specialty Chemicals
SPLIL.NS,Apparel Manufacturing
AHLEAST.NS,Lodging
INSECTICID.NS,Agricultural Inputs
SUMMITSEC.NS,Capital Markets
MAZDA.NS,Specialty Industrial Machinery
SHIVAMILLS.NS,Textile Manufacturing
SOMICONVEY.NS,Specialty Industrial Machinery
INDBANK.NS,Capital Markets
TCPLPACK.NS,Packaging & Containers
AKASH.NS,Engineering & Construction
AKG.NS,Packaged Foods
JPOLYINVST.NS,Asset Management
VIPULLTD.NS,Real Estate‚ÄîDiversified
DPABHUSHAN.NS,Luxury Goods
SCPL.NS,Packaged Foods
AMNPLST.NS,
ARMANFIN.NS,Credit Services
EMMBI.NS,Packaging & Containers
ASIANHOTNR.NS,Lodging
HITECHCORP.NS,Packaging & Containers
ASAHISONG.NS,Specialty Chemicals
MALUPAPER.NS,Paper & Paper Products
GROBTEA.NS,Farm Products
JCHAC.NS,Furnishings, Fixtures & Appliances
SANDESH.NS,Publishing
YAARI.NS,Credit Services
ORIENTALTL.NS,Building Products & Equipment
WEALTH.NS,Capital Markets
INDOSTAR.NS,Credit Services
HMT.NS,Farm & Heavy Construction Machinery
THEJO.NS,
SINTERCOM.NS,Auto Parts
ACL.NS,
CENTEXT.NS,Aluminum
TARMAT.NS,Engineering & Construction
UMANGDAIRY.NS,Packaged Foods
KRIDHANINF.NS,Steel
HESTERBIO.NS,Drug Manufacturers‚ÄîSpecialty & Generic
CSLFINANCE.NS,Credit Services
MANAKALUCO.NS,Aluminum
BPL.NS,Consumer Electronics
DAMODARIND.NS,Textile Manufacturing
JAGSNPHARM.NS,Drug Manufacturers‚ÄîSpecialty & Generic
SANGAMIND.NS,Textile Manufacturing
WILLAMAGOR.NS,Credit Services
CAPTRUST.NS,Credit Services
KHAITANLTD.NS,Furnishings, Fixtures & Appliances
KOTAKPSUBK.NS,
ARTNIRMAN.NS,Real Estate‚ÄîDevelopment
BAGFILMS.NS,Broadcasting
RESPONIND.NS,Specialty Chemicals
COMPINFO.NS,Electronics & Computer Distribution
PAR.NS,Drug Manufacturers‚ÄîSpecialty & Generic
BEARDSELL.NS,Building Products & Equipment
3PLAND.NS,Real Estate
SUNDARMHLD.NS,Specialty Business Services
FAZE3Q.NS,Textile Manufacturing
PIXTRANS.NS,Specialty Industrial Machinery
EXXARO.NS,Building Products & Equipment
BVCL.NS,Building Materials
RUSTOMJEE.NS,Real Estate‚ÄîDevelopment
SHREERAMA.NS,Packaging & Containers
ASPINWALL.NS,Farm Products
ORICONENT.NS,Packaging & Containers
ARIHANTSUP.NS,Real Estate‚ÄîDevelopment
SOUTHWEST.NS,Oil & Gas Equipment & Services
INDOCO.NS,Drug Manufacturers‚ÄîSpecialty & Generic
ZODIACLOTH.NS,Apparel Manufacturing
LCCINFOTEC.NS,Education & Training Services
GANDHITUBE.NS,Metal Fabrication
DANGEE.NS,Restaurants
GANGESSECU.NS,Packaged Foods
LPDC.NS,Real Estate Services
SMLT.NS,Metal Fabrication
SWARAJENG.NS,Auto Parts
UNITEDPOLY.NS,Textile Manufacturing
DHANUKA.NS,Agricultural Inputs
MAHAPEXLTD.NS,Credit Services
NBIFIN.NS,Capital Markets
DIVOPPBEES.NS,
DELTAMAGNT.NS,Specialty Industrial Machinery
INDIANCARD.NS,Textile Manufacturing
BALAXI.NS,Health Care Equipment & Services
EIFFL.NS,Packaged Foods
DALMIASUG.NS,Confectioners
MGEL.NS,Farm Products
BANARBEADS.NS,Footwear & Accessories
AGROPHOS.NS,Agricultural Inputs
JISLDVREQS.NS,Farm & Heavy Construction Machinery
KAYA.NS,Household & Personal Products
SUNDRMBRAK.NS,Auto Parts
ICEMAKE.NS,Specialty Industrial Machinery
SHIVALIK.NS,
BBTCL.NS,Packaging & Containers
WORTH.NS,Packaging & Containers
SHREYAS.NS,Marine Shipping
TIPSFILMS.NS,Entertainment
NAGREEKEXP.NS,Textile Manufacturing
APCL.NS,Building Materials
REPL.NS,Consulting Services
CENTENKA.NS,Textile Manufacturing
NGLFINE.NS,Drug Manufacturers‚ÄîGeneral
ACEINTEG.NS,Staffing & Employment Services
ELGIRUBCO.NS,Auto Parts
KANPRPLA.NS,Packaging & Containers
QGOLDHALF.NS,
MOHITIND.NS,Textile Manufacturing
TREJHARA.NS,Software‚ÄîApplication
TTL.NS,Textile Manufacturing
LFIC.NS,Asset Management
MARALOVER.NS,Textile Manufacturing
HIRECT.NS,Electrical Equipment & Parts
WENDT.NS,Tools & Accessories
ORIENTLTD.NS,Packaging & Containers
INDOTHAI.NS,Capital Markets
UMESLTD.NS,Education & Training Services
NGIL.NS,Packaged Foods
AVONMORE.NS,
UNITEDTEA.NS,Farm Products
URAVI.NS,
KOTAKNV20.NS,
MOGSEC.NS,
SILGO.NS,Luxury Goods
HISARMETAL.NS,Steel
RVHL.NS,Real Estate‚ÄîDevelopment
HEADSUP.NS,Apparel Retail
BSL.NS,Textile Manufacturing
MANORG.NS,Specialty Chemicals
DJML.NS,Specialty Business Services
IVP.NS,Specialty Chemicals
KHANDSE.NS,Capital Markets
BHAGCHEM.NS,Agricultural Inputs
AARVEEDEN.NS,Textile Manufacturing
TIMESGTY.NS,Asset Management
SILLYMONKS.NS,Entertainment
LICNETFGSC.NS,
PANACHE.NS,Communication Equipment
MCL.NS,Copper
KSHITIJPOL.NS,
KUANTUM.NS,Paper & Paper Products
MRO-TEK.NS,Communication Equipment
YUKEN.NS,Specialty Industrial Machinery
UNIINFO.NS,Telecom Services
SILVERTUC.NS,Information Technology Services
LAGNAM.NS,Textile Manufacturing
KERNEX.NS,Software‚ÄîApplication
EIMCOELECO.NS,Farm & Heavy Construction Machinery
NIBL.NS,Tools & Accessories
SUPREMEENG.NS,Steel
SILINV.NS,Asset Management
SAHYADRI.NS,
KALYANIFRG.NS,Auto Parts
ABAN.NS,Oil & Gas Drilling
TNTELE.NS,Communication Equipment
UTISENSETF.NS,
KRISHANA.NS,Agricultural Inputs
DTIL.NS,Packaged Foods
CEREBRAINT.NS,Computer Hardware
VARDMNPOLY.NS,Textile Manufacturing
ROML.NS,
TARAPUR.NS,Specialty Industrial Machinery
SECMARK.NS,Consulting Services
MADHAV.NS,Building Products & Equipment
DGCONTENT.NS,Internet Content & Information
KAPSTON.NS,Specialty Business Services
MANUGRAPH.NS,Specialty Industrial Machinery
RAJRILTD.NS,Textile Manufacturing
KHADIM.NS,Footwear & Accessories
NPBET.NS,
UTISXN50.NS,
BIL.NS,Footwear & Accessories
TGBHOTELS.NS,Lodging
TFL.NS,Mortgage Finance
INDSWFTLTD.NS,Drug Manufacturers‚ÄîSpecialty & Generic
CUPID.NS,Household & Personal Products
EMKAY.NS,Capital Markets
GRPLTD.NS,Auto Parts
HPIL.NS,Specialty Chemicals
FSC.NS,Integrated Freight & Logistics
GULFPETRO.NS,Oil & Gas Refining & Marketing
HARRMALAYA.NS,Farm Products
LYKALABS.NS,Biotechnology
TOKYOPLAST.NS,Packaging & Containers
ASHOKAMET.NS,
KEEPLEARN.NS,Education & Training Services
EUROTEXIND.NS,Textile Manufacturing
ABSLNN50ET.NS,
INFOMEDIA.NS,Shell Companies
OMKARCHEM.NS,Specialty Chemicals
JYOTISTRUC.NS,Specialty Industrial Machinery
BAFNAPH.NS,Drug Manufacturers‚ÄîSpecialty & Generic
ONELIFECAP.NS,Capital Markets
SOFTTECH.NS,Software‚ÄîApplication
SHREYANIND.NS,Paper & Paper Products
SIGIND.NS,Specialty Chemicals
MADHUCON.NS,Engineering & Construction
SVLL.NS,
ADROITINFO.NS,Information Technology Services
RANEENGINE.NS,Auto Parts
REGENCERAM.NS,Building Products & Equipment
FLFL.NS,Apparel Manufacturing
BURNPUR.NS,Building Materials
ANIKINDS.NS,Food Distribution
SAMBHAAV.NS,Publishing
SANCO.NS,Electrical Equipment & Parts
SAGARDEEP.NS,Copper
INSPIRISYS.NS,Information Technology Services
TOUCHWOOD.NS,Advertising Agencies
ARCHIDPLY.NS,Lumber & Wood Production
MODIRUBBER.NS,Real Estate Services
AMDIND.NS,Packaging & Containers
TREEHOUSE.NS,Education & Training Services
MTEDUCARE.NS,Education & Training Services
LICNFNHGP.NS,
MOM50.NS,
FELDVR.NS,Department Stores
TIL.NS,Farm & Heavy Construction Machinery
GOLDENTOBC.NS,Tobacco
TVVISION.NS,Broadcasting
DBSTOCKBRO.NS,Capital Markets
KARMAENG.NS,Utilities‚ÄîRenewable
MOTOGENFIN.NS,Real Estate‚ÄîDiversified
GENCON.NS,Engineering & Construction
SELMC.NS,Apparel Manufacturing
BSLGOLDETF.NS,
NDGL.NS,Capital Markets
UNIVASTU.NS,Engineering & Construction
HECPROJECT.NS,Engineering & Construction
KAVVERITEL.NS,Communication Equipment
EDUCOMP.NS,Education & Training Services
SETF10GILT.NS,
S&SPOWER.NS,Electrical Equipment & Parts
SABTN.NS,Broadcasting
OMINFRAL.NS,Engineering & Construction
TIRUPATIFL.NS,Metal Fabrication
DRCSYSTEMS.NS,Information Technology Services
SABEVENTS.NS,Publishing
ICDSLTD.NS,Real Estate Services
THOMASCOTT.NS,Textile Manufacturing
ALPSINDUS.NS,Textile Manufacturing
SIMPLEXINF.NS,Engineering & Construction
SPMLINFRA.NS,Engineering & Construction
DNAMEDIA.NS,Publishing
SUPREMEINF.NS,Engineering & Construction
SICALLOG.NS,Integrated Freight & Logistics
HYBRIDFIN.NS,Capital Markets
GATECH.NS,Asset Management
FCONSUMER.NS,Food Distribution
SUPERSPIN.NS,Textile Manufacturing
TCLCONS.NS,Engineering & Construction
IITL.NS,Credit Services
MBECL.NS,Engineering & Construction
SUULD.NS,Apparel Retail
PODDARHOUS.NS,Real Estate‚ÄîDevelopment
SHRENIK.NS,Paper & Paper Products
ARSHIYA.NS,Integrated Freight & Logistics
SPYL.NS,Textile Manufacturing
MBLINFRA.NS,Engineering & Construction
ELECTHERM.NS,Metal Fabrication
IL&FSENGG.NS,Engineering & Construction
ANKITMETAL.NS,Steel
ZENITHSTL.NS,Steel
TPHQ.NS,Engineering & Construction
AKI.NS,
BKMINDST.NS,Packaging & Containers
ALANKIT.NS,Information Technology Services
BANG.NS,Apparel Manufacturing
IL&FSTRANS.NS,Infrastructure Operations
ANTGRAPHIC.NS,Packaging & Containers
SUMIT.NS,Real Estate‚ÄîDevelopment
REMSONSIND.NS,Auto Parts
SHYAMTEL.NS,Communication Equipment
DCMFINSERV.NS,Credit Services
CREATIVEYE.NS,Entertainment
SADBHIN.NS,Engineering & Construction
VINNY.NS,Textile Manufacturing
PRAKASHSTL.NS,Steel
GEEKAYWIRE.NS,Electrical Equipment & Parts
GLOBE.NS,Textile Manufacturing
CUBEXTUB.NS,Copper
NITCO.NS,Building Products & Equipment
MURUDCERA.NS,Building Products & Equipment
CINELINE.NS,Real Estate Services
ZEELEARN.NS,Education & Training Services
WANBURY.NS,Drug Manufacturers‚ÄîSpecialty & Generic
GPTINFRA.NS,Engineering & Construction
RKDL.NS,Beverages‚ÄîWineries & Distilleries
KRITIKA.NS,Steel
INDOWIND.NS,Utilities‚ÄîRenewable
GOYALALUM.NS,Aluminum
MANAKCOAT.NS,Metal Fabrication
IZMO.NS,Software‚ÄîApplication
AAKASH.NS,Oil & Gas Equipment & Services
GOLDTECH.NS,Information Technology Services
RPPINFRA.NS,Engineering & Construction
SUNDARAM.NS,Paper & Paper Products
KCPSUGIND.NS,Confectioners
E2E.NS,Software‚ÄîInfrastructure
MEGASOFT.NS,Software‚ÄîApplication
MUKTAARTS.NS,Entertainment
A2ZINFRA.NS,Engineering & Construction
PREMIERPOL.NS,Specialty Chemicals
RUCHINFRA.NS,Specialty Business Services
EXCEL.NS,Conglomerates
PRAENG.NS,Real Estate‚ÄîDevelopment
BYKE.NS,Lodging
SRPL.NS,Farm Products
SUVIDHAA.NS,Information Technology Services
MSPL.NS,Steel
COUNCODOS.NS,Real Estate‚ÄîDevelopment
GUJRAFFIA.NS,Materials
WEWIN.NS,Information Technology Services
NECCLTD.NS,Trucking
ZODIAC.NS,Diversified Utilities
SOMATEX.NS,Textile Manufacturing
BOHRAIND.NS,Agricultural Inputs
NORBTEAEXP.NS,Farm Products
BLUECHIP.NS,Capital Markets
NDRAUTO.NS,Auto Parts
SVPGLOB.NS,Textile Manufacturing
CROWN.NS,Rental & Leasing Services
PARSVNATH.NS,Real Estate‚ÄîDevelopment
RHFL.NS,Mortgage Finance
ROLLT.NS,Conglomerates
NOIDATOLL.NS,Infrastructure Operations
GODHA.NS,Electrical Equipment & Parts
GKWLIMITED.NS,Specialty Business Services
IMPEXFERRO.NS,Other Industrial Metals & Mining
SONAMLTD.NS,Furnishings, Fixtures & Appliances
INCREDIBLE.NS,Steel
ARVEE.NS,Specialty Chemicals
WINSOME.NS,Textile Manufacturing
PKTEA.NS,Farm Products
GLFL.NS,Shell Companies
TECHIN.NS,Real Estate‚ÄîDevelopment
MHLXMIRU.NS,Textile Manufacturing
UNIVAFOODS.NS,Shell Companies
WELINV.NS,Capital Markets
WEIZMANIND.NS,Textile Manufacturing
NAGREEKCAP.NS,Capital Markets
ABMINTLLTD.NS,Specialty Chemicals
RADAAN.NS,Entertainment
NKIND.NS,Household & Personal Products
NEXTMEDIA.NS,Broadcasting
21STCENMGM.NS,Capital Markets
LGHL.NS,Luxury Goods
MELSTAR.NS,Software‚ÄîApplication
MASKINVEST.NS,Capital Markets
BLUECOAST.NS,Lodging
PREMIER.NS,Specialty Industrial Machinery
SUMEETINDS.NS,Textile Manufacturing
METALFORGE.NS,Metal Fabrication
ROLTA.NS,Information Technology Services
GOENKA.NS,Luxury Goods
LAKPRE.NS,Tools & Accessories
RELCAPITAL.NS,Financial Conglomerates
RCOM.NS,Telecom Services
EASTSILK.NS,Textile Manufacturing
ORTEL.NS,Entertainment
GANGOTRI.NS,Textile Manufacturing
SPTL.NS,Auto Parts
BGLOBAL.NS,Software‚ÄîApplication
CMICABLES.NS,Electrical Equipment & Parts
HDIL.NS,Real Estate‚ÄîDiversified
FEL.NS,Department Stores
SANWARIA.NS,Farm Products
GFSTEELS.NS,Steel
SKIL.NS,Engineering & Construction
FRETAIL.NS,Department Stores
SEJALLTD.NS,Building Products & Equipment
SETUINFRA.NS,Engineering & Construction
VISASTEEL.NS,Steel
ANSALAPI.NS,Real Estate‚ÄîDevelopment
ARSSINFRA.NS,Infrastructure Operations
GAYAPROJ.NS,Engineering & Construction
QUINTEGRA.NS,Information Technology Services
TCIFINANCE.NS,Credit Services
HINDNATGLS.NS,Packaging & Containers
RAJVIR.NS,Textile Manufacturing
SITINET.NS,Entertainment
TATACOFFEE.NS,Packaged Foods
SPENTEX.NS,Textile Manufacturing
KAUSHALYA.NS,Engineering & Construction
VISHAL.NS,Textile Manufacturing
INDLMETER.NS,Electrical Equipment & Parts
RMCL.NS,Packaging & Containers
ICICILIQ.NS,
ICICINIFTY.NS,
ICICINV20.NS,
ICICIMCAP.NS,
ICICIALPLV.NS,
ICICIGOLD.NS,
ICICI500.NS,
ICICINXT50.NS,
ICICIFMCG.NS,
ICICIBANKN.NS,
ICICINF100.NS,
ICICISENSX.NS,
ICICIM150.NS,
ICICITECH.NS,
ICICIBANKP.NS,
ICICIPHARM.NS,
ICICILOVOL.NS,
UDAICEMENT.NS,Building Materials
PUNJLLOYD.NS,Engineering & Construction
WINPRO.NS,Electronics & Computer Distribution
TCIDEVELOP.NS,Real Estate Services
LANCER.NS,
JSWISPL.NS,Steel
NOVARTIND.NS,Drug Manufacturers‚ÄîSpecialty & Generic
SUPPETRO.NS,Chemicals
TATASTLBSL.NS,Steel
LINCPEN.NS,Business Equipment & Supplies
RAJRAYON.NS,Textile Manufacturing
SINTEX.NS,Textile Manufacturing
EUROCERA.NS,Building Products & Equipment
MAJESCO.NS,Information Technology Services
NCPSESDL24.NS,
ORIENTREF.NS,Metal Fabrication
CADILAHC.NS,Drug Manufacturers‚ÄîSpecialty & Generic
EBIXFOREX.NS,Capital Markets
PHILIPCARB.NS,Specialty Chemicals
PRAXIS-RE.NS,
BRFL.NS,Textile Manufacturing
CNOVAPETRO.NS,Textile Industrial
GALLISPAT.NS,Steel & Iron
MOTHERSUMI.NS,Auto Parts
MANPASAND.NS,Beverages‚ÄîNon-Alcoholic
GDL.NS,Air Delivery & Freight Services
PIONDIST.NS,Beverages‚ÄîWineries & Distilleries
JUMPNET.NS,Electronics & Computer Distribution
KARDA.NS,Real Estate‚ÄîDevelopment
PATSPINLTD.NS,Textile Industrial
KPIGLOBAL.NS,Utilities‚ÄîRenewable
SRTRANSFIN.NS,Credit Services
MUKANDENGG.NS,General Contractors
ASIAN-RE.NS,
ANSALHSG.NS,Real Estate‚ÄîDevelopment
EASUNREYRL.NS,Specialty Industrial Machinery
PAEL.NS,Diversified Machinery
COX&KINGS.NS,Travel Services
KSERASERA.NS,Entertainment
COSMOFILMS.NS,Packaging & Containers
OPTOCIRCUI.NS,Medical Devices
SEPOWER.NS,Specialty Chemicals
BSELINFRA.NS,Real Estate Development
NXTDIGITAL.NS,Entertainment
METKORE.NS,Other Industrial Metals & Mining
EON.NS,Specialty Industrial Machinery
DHFL.NS,Mortgage Finance
UVSL.NS,
ANDHRACEMT.NS,Building Materials
GATI.NS,Integrated Freight & Logistics
JMTAUTOLTD.NS,Auto Parts
TWL.NS,Railroads
CHROMATIC.NS,Specialty Chemicals
CASTEXTECH.NS,Auto Parts
SYNCOM.NS,Drug Manufacturers‚ÄîSpecialty & Generic
SHRIRAMCIT.NS,Credit Services
KALYANI.NS,Auto & Truck Dealerships
ATLASCYCLE.NS,Leisure
BILENERGY.NS,Metal Fabrication
ZODJRDMKJ.NS,Jewelry Stores
LTI.NS,Information Technology Services
HOTELRUGBY.NS,Shell Companies
THIRUSUGAR.NS,Confectioners
RUCHI.NS,Packaged Foods
TALWALKARS.NS,Leisure
MIC.NS,Electronic Components
SUBCAPCITY.NS,N/A
BLUEBLENDS.NS,Textile Manufacturing
HEXAWARE.NS,
IRBINVIT.NS,
UNIPLY.NS,Lumber & Wood Production
DOLAT.NS,Capital Markets
ALCHEM.NS,Conglomerates
DFMFOODS.NS,Packaged Foods
PRESSMN.NS,Advertising Agencies
BARTRONICS.NS,Information Technology Services
ATNINTER.NS,Capital Markets
HATSUN-RE.NS,
GBGLOBAL.NS,Apparel Manufacturing
DHARSUGAR.NS,Confectioners
BALLARPUR.NS,Paper & Paper Products
PDPL.NS,Drug Manufacturers‚ÄîSpecialty & Generic
SICAGEN.NS,General Building Materials
UJAAS.NS,Solar
WELSPUNIND.NS,Textile Manufacturing
ADANITRANS.NS,Utilities‚ÄîIndependent Power Producers
BIRLATYRE.NS,Auto Parts
DIGJAMLTD.NS,Textile Manufacturing
ANDREWYU.NS,Farm Products
CIMMCO.NS,
KOVAI.NS,Medical Care Facilities
WATERBASE.NS,Packaged Foods
EMBASSY.NS,
KENNAMET.NS,Tools & Accessories
MEGH.NS,Agricultural Chemicals
KEERTI.NS,Education & Training Services
NIRAJISPAT.NS,
SPICEJET.NS,Airlines
GSCLCEMENT.NS,Building Materials
DAAWAT.NS,Packaged Foods
TATASTLLP.NS,Steel
JPINFRATEC.NS,Infrastructure Operations
LSIL.NS,Specialty Industrial Machinery
VICEROY.NS,Lodging
MAXVIL.NS,Packaging & Containers
SORILINFRA.NS,Conglomerates
JBFIND.NS,Textile Manufacturing
SICAL.NS,Integrated Freight & Logistics
JMCPROJECT.NS,Engineering & Construction
STAMPEDE.NS,Capital Markets
IDBIGOLD.NS,
SREINFRA.NS,Credit Services
HDFCNIFETF.NS,
SRPL-RE.NS,
SCAPDVR.NS,Capital Markets
JIKIND.NS,Furnishings, Fixtures & Appliances
GAL.NS,Steel
GRAUWEIL.NS,Specialty Chemicals
GOODYEAR.NS,Auto Parts
JVLAGRO.NS,
EQ30.NS,
TALWGYM.NS,Leisure
MINDAIND.NS,Auto Parts
UTTAMSTL.NS,Steel
CKFSL.NS,Credit Services
RNAVAL.NS,Aerospace & Defense
MODISNME.NS,Electrical Equipment & Parts
SMPL.NS,Steel
INDOSOLAR.NS,Solar
DALALSTCOM.NS,Education & Training Services
INTEGRA.NS,Apparel Manufacturing
KWALITY.NS,Packaged Foods
CEBBCO.NS,Railroads
AGCNET.NS,Software‚ÄîApplication
CANDC.NS,Engineering & Construction
HSIL.NS,General Building Materials
SRIPIPES.NS,Metal Fabrication
GAMMNINFRA.NS,Infrastructure Operations
SHRIRAMEPC.NS,Engineering & Construction
PROINDIA.NS,Agricultural Inputs
HDFC.NS,Mortgage Finance
PDSMFL.NS,Specialty Business Services
SEZAL.NS,Building Products & Equipment
MANGTIMBER.NS,Lumber, Wood Production
MAGMA.NS,Credit Services
SHIL.NS,Furnishings, Fixtures & Appliances
BURGERKING.NS,Restaurants
WABCOINDIA.NS,Auto Parts
HARITASEAT.NS,Auto Parts
YAARII.NS,Credit Services
ANGELBRKG.NS,Capital Markets
DIAPOWER.NS,Specialty Industrial Machinery
TMRVL.NS,Apparel Retail
GTNTEX.NS,Textile Industrial
NTL.NS,Steel
JIYAECO.NS,Specialty Chemicals
SONAMCLOCK.NS,Furnishings, Fixtures & Appliances
NITINFIRE.NS,Security & Protection Services
IIFLWAM.NS,Asset Management
MAN50ETF.NS,
MFL.NS,Chemicals
JAINSTUDIO.NS,Broadcasting
INEOSSTYRO.NS,Chemicals
SHIRPUR-G.NS,Gold
RAMSARUP.NS,Steel
AUTOLITIND.NS,Auto Parts
BHAGYAPROP.NS,Real Estate Services
KGL.NS,Farm Products
BASML-RE.NS,
LAKSHVILAS.NS,
ACRYSIL.NS,Furnishings, Fixtures & Appliances
MAHINDCIE.NS,Auto Parts
KALPATPOWR.NS,Engineering & Construction
ABMINTLTD.NS,Specialty Chemicals
CLNINDIA.NS,Specialty Chemicals
PSL.NS,Steel
ROHITFERRO.NS,Metal Fabrication
GTNIND.NS,Textile Industrial
ZICOM.NS,Security & Protection Services
KSK.NS,Utilities‚ÄîRegulated Electric
NBVENTURES.NS,Conglomerates
NATNLSTEEL.NS,Steel
TECHNOFAB.NS,Engineering & Construction
REVATHI.NS,Farm & Heavy Construction Machinery
OISL.NS,Steel
JTLINFRA.NS,
DHARAMSI.NS,Chemicals
PRADIP.NS,Textile Manufacturing
ZUARIGLOB.NS,Conglomerates
CCCL.NS,Engineering & Construction
WFL.NS,Furnishings, Fixtures & Appliances
STINDIA.NS,Textile Manufacturing
EUROMULTI.NS,Solar
ARCOTECH.NS,Metal Fabrication
JINDCOT.NS,Textile Manufacturing
PVR.NS,Entertainment
EMCO.NS,Specialty Industrial Machinery
HDFCMFGETF.NS,
MINDTREE.NS,Information Technology Services
GLOBOFFS.NS,Shipping
GISOLUTION.NS,Engineering & Construction
JSLHISAR.NS,Steel
MANXT50.NS,
BINDALAGRO.NS,Asset Management
KIRLFER.NS,Metal Fabrication
FORCEMOT.NS,Auto Manufacturers
IBMFNIFTY.NS,
MOHOTAIND.NS,Textile Manufacturing
AMARAJABAT.NS,Electrical Equipment & Parts
VIVIMEDLAB.NS,Drug Manufacturers‚ÄîSpecialty & Generic
VIKASPROP.NS,Agricultural Inputs
SUNCLAYLTD.NS,Auto Parts
BCP.NS,Electrical Equipment & Parts
ATLANTA.NS,Infrastructure Operations
MCDHOLDING.NS,Capital Markets
MERCATOR.NS,Thermal Coal
VIKASWSP.NS,Specialty Chemicals
SATHAISPAT.NS,Steel
VIDEOIND.NS,Furnishings, Fixtures & Appliances
PBAINFRA.NS,Engineering & Construction
AJRINFRA.NS,Infrastructure Operations
ARIHANT.NS,Real Estate Development
AHLWEST.NS,Lodging
EQUITAS.NS,Credit Services
ORIENTABRA.NS,Specialty Chemicals
INOXLEISUR.NS,Entertainment
UNITY.NS,Engineering & Construction
DQE.NS,Entertainment
KSE.NS,
HDFCSENETF.NS,
BESTAGRO.NS,Agricultural Inputs
UCALFUEL.NS,Auto Parts
TANTIACONS.NS,Engineering & Construction
4THDIM.NS,Information Technology Services
PROZONINTU.NS,Real Estate‚ÄîDiversified